date,snaive,ma5,ma7,ma9,ma12,ets,stl,tbats,nn,arimax,dynreg,stlf,avg
2012-01-06,3260.59385396859,2654.75733152969,2608.28319493345,2602.65473212368,2491.59128203368,2071.71144592371,3027.06711538891,2138.5770908444,2159.90314137303,2174.33521676135,3252.01973591379,3377.74252204705,2651.60305523678
2012-01-13,775.545608685891,2584.68793024665,2296.47255397148,2469.91909109544,2481.8394793457,2071.23505557275,1217.1457712576,1994.09249397305,1508.17681251695,2142.2130726459,1535.44407159418,1391.12319046538,1872.32459428091
2012-01-20,2734.78194145695,2542.23309095811,2565.8770795056,2652.79867733313,2549.8032176976,2075.61889814123,2810.02002800628,2260.30010010459,2107.10138382704,2189.71583300054,2813.00008822474,2901.89011138624,2516.9283708035
2012-01-27,1851.07685660839,2214.93651272349,2615.16061550014,2424.13952696659,2647.33787081292,2076.60695618597,1917.82803104004,2004.50145809646,2012.42323539704,2201.55811846771,2167.55665601019,2186.26473911581,2193.28254807706
2012-02-03,2299.30485214574,2385.19738021078,2350.07234943435,2568.79451080698,2619.06204113465,2073.66126406576,2213.14383561396,2147.21997176297,2104.20441578754,2135.31872039146,2520.13212022316,2540.95390011719,2329.75544680788
2012-02-10,2475.65558895039,2066.38453271904,2346.78801823029,2493.52784511501,2559.23148318739,2058.7104501124,1796.52253273498,1779.51130884279,2038.42135190648,1993.97839086832,2148.80065671582,2014.50370800095,2147.66965561532
2012-02-17,2862.18602707833,2325.70838579345,2200.37219625605,2335.14438139304,2422.09665830194,2057.66626936536,2082.1575531617,2100.68188090842,988.209242715922,1925.34393685829,2326.44919056947,2187.18613799384,2151.10015503298
2012-02-24,1965.77745309434,2014.4188837612,2141.73041339812,2133.99105084198,2329.55750180822,2059.06364125373,2169.31079830643,2278.83244658945,1782.62487642539,1941.05010161354,2386.25467057678,2285.89320503916,2124.04208689236
2012-03-02,3752.17072338882,2058.95792381234,2270.10404925348,2063.73181702458,2322.3158159438,2062.96680510967,2476.81045882478,2436.23313237339,1944.64108543305,2372.04552585198,2636.83866786958,2591.35081427902,2415.68056826371
2012-03-09,2889.12423690621,1819.00562444181,1771.97273830305,1890.62872656652,2234.43533500108,2054.0425627327,2732.53907838045,2409.38940947286,2075.55362300897,2352.33714690018,2795.5960758478,2735.69055416714,2313.35959264406
2012-03-16,2201.63855556205,1779.46744115348,1613.14700910706,1945.74700935442,2087.43058732537,2065.71570298376,1871.96062436378,2216.49638754977,1438.06767816855,2380.60812014466,1977.06195889439,2022.12134754691,1966.62186851285
2012-03-23,2635.23010129925,1425.77543415954,1542.65648143842,1782.23562830356,1970.02683693056,2057.41174548551,2190.58986789099,1914.76346767303,1413.95806619037,2307.20270068099,2168.31121894391,2211.50332555544,1968.30540621263
2012-03-30,1290.80016109331,1409.56572089778,1676.84861004038,1853.7415220844,1901.43841591008,2064.14131784106,1846.37355921617,1940.24550973682,1691.51872181224,2386.25276321016,1749.2277323104,1775.78782671297,1798.82848840548
2012-04-06,1296.12763400068,1572.64481285114,1799.39235658493,1809.97369520743,1887.90067818001,2062.40763543042,1457.17543772875,1836.49996602093,1151.67757803453,1882.21601110075,1429.27171179303,1492.16239341978,1639.78749252937
2012-04-13,1652.8076229391,1811.7838727437,1919.69183211233,1758.49054172373,1814.42620677818,2052.87711151873,1264.33421791014,1853.5454717347,1033.87163645094,1780.43760854276,1248.24315935978,1292.92521115879,1623.61954108107
2012-04-20,2744.5941930706,2288.71572498519,1936.29880081413,1801.98561584078,1745.28562444902,2058.58982690706,2403.51351872755,2338.91846632209,2353.62894122316,1844.41785905159,2285.33724266788,2267.3792940361,2172.38875900793
2012-04-27,2422.41112472272,2255.3887150952,1917.42107827517,1750.10676581066,1743.10856657172,2055.46582808958,2420.21609992823,2376.17768611321,2018.28719077272,1807.87283622708,2419.78633909397,2506.07028864326,2141.02604327863
2012-05-04,2819.67073306081,2201.44216028541,1967.74795288614,1702.94099236276,1686.99522264022,2052.85808588088,3055.94945338744,2331.86941479884,1161.32876792043,2443.41735194118,3047.39553062773,3164.83056786087,2303.03718613773
2012-05-11,1812.45781151375,1812.39013905817,1811.81068812747,1739.4424075297,1644.58750108745,2041.28986369905,1669.42920916826,2083.46413383147,1663.56756060584,2298.4171041933,2174.95120920272,1845.23542367412,1883.08692097427
2012-05-18,1888.21761019281,1735.03786808072,1849.5798033384,1877.70764270614,1684.58479361702,2057.5753859917,2112.20604997248,2468.66009236696,3708.67470780978,2376.39806688397,1945.46187885389,1984.49753204126,2140.71678598793
2012-05-25,2230.70028523159,1456.158592103,1608.47554055976,1822.62549246348,1736.86175005173,2030.04592078077,2112.15193229717,1854.18935975678,2130.21623460692,2201.44238105137,2045.62283741243,2104.93851813515,1944.45240370418
2012-06-01,1457.2100860805,1558.45365797376,1594.78701914397,1750.14124426666,1765.78994843324,2026.49411446065,1169.76805307232,1723.85018680525,2137.8320747858,1579.92812240783,1120.76733610636,1161.04403360111,1587.17215642812
2012-06-08,2554.70204513703,1786.29416737124,1642.3306721565,1811.67147108758,1843.06692900488,2035.87746364753,2042.3354487461,1712.30244754574,2153.64188444081,1698.11418669488,1862.59407077252,1849.71925930607,1916.05417049257
2012-06-15,981.763362583374,1882.36171186286,1876.73847036703,1820.55813873441,1861.29977465545,2040.55153906573,1380.41795588602,1941.25535338366,2051.30280064243,1763.81956786507,1274.61752926501,1310.79130676567,1682.12312592306
2012-06-22,2064.59450652989,1984.33370108856,2077.21019008045,1762.67672978782,1845.56159682011,2044.58711767397,1911.75446950484,1982.87884386319,1914.16736511487,1799.58711989694,1818.31039667198,1884.33640828852,1924.16653711009
2012-06-29,1110.48210151183,2090.36623907852,2140.90596574021,1939.24056978937,1830.19400066882,2048.33871474139,1546.51710535111,2049.76813894485,2441.70356907838,1842.17740179151,1432.38179621481,1468.80761723781,1828.40693501239
2012-07-06,2614.42962296898,2199.92833927509,1948.61293335459,2040.62037934472,1794.61305189119,2046.10488184864,2718.52617096285,2148.96944124413,1878.17742218374,2156.83077704778,2636.51900596342,2682.11612400243,2238.78734584063
2012-07-13,2357.62339928126,1882.36270242809,1933.27053499232,1906.85210558476,1749.41323549574,2038.3866873965,2548.84204758517,2114.33738498039,1717.63649771649,2074.25211367554,2565.07495174536,2655.87100418032,2128.6602220885
2012-07-20,880.399436778638,1637.31642053181,1650.05229020935,1615.19301468968,1673.6519167651,2013.80677805971,1279.83003697437,2046.21771794358,1800.30307445947,1833.65630626313,1383.48285320478,1540.09205653675,1612.83349186803
2012-07-27,1993.62068482226,1571.44343351371,1571.51478616329,1732.65116752293,1768.11211421783,2011.40612046506,2250.58540125902,2030.75087269312,1922.2103303102,1789.77366660367,2152.2934341707,2192.72150198877,1915.59029281088
2012-08-03,1089.99780226202,1175.52428618626,1513.54820681498,1707.56023389272,1881.77573697159,1989.92830542698,1103.23547134763,1968.08896931674,2054.64118157143,1902.41058127877,1139.14993963335,1255.10508720615,1565.08048349239
2012-08-10,665.01906309305,1206.92459459625,1455.88675235188,1656.55544387579,1841.36023922687,1977.70723680263,1027.19862454924,1216.36537596262,1977.46020392585,1410.26529037695,986.381347351991,1051.00763849482,1372.677650884
2012-08-17,496.056627423254,1500.51676912489,1657.64294788706,1688.72669546752,1807.20742634182,1967.00930583931,1456.75121749513,1535.71967402729,1742.96454294574,1443.3768155011,1461.14363804616,1537.59857240442,1524.55951937531
2012-08-24,2394.46774800624,2000.6434007648,1759.48126549321,1806.84405733546,1763.38115927895,1425.54503937707,2260.04474363311,1745.99251111411,1355.03116643069,1237.07780444164,2328.13787265411,2405.79222470118,1873.53658276921
2012-08-31,2455.82794092998,2016.59265602233,1778.30071304491,1711.80660322109,1711.00137032581,1958.29320802572,1883.53808673679,2270.1496295016,1096.38851254888,943.017948726216,1905.34972128442,1925.38334685513,1804.63747810191
2012-09-07,3158.43619593951,2180.65637979463,1999.99326741741,1604.77078950089,1692.19677487946,1525.33126359256,2920.63156498038,2456.82841561971,1813.72488642414,2311.81905205582,2954.53850796115,2995.89779477961,2301.23540774544
2012-09-14,3080.96605285159,2045.33258898387,1831.77137094386,1775.75194426052,1710.8463750068,1963.28082282033,2362.35924331632,2415.24009747579,820.680019235863,2391.06301081484,2308.74114511771,2373.67608551886,2089.97572969553
2012-09-21,1721.14145551635,1944.6746560162,1942.26026633998,1949.83208410805,1769.1494322902,1964.0968107591,2234.76607256647,2114.57320464789,2991.9975650312,2450.95325770788,2106.91378103935,2153.02188668256,2111.94837272544
2012-09-28,2053.60018632224,1833.434295756,1937.17745051072,1875.7434968819,1856.64204127037,1976.44453124867,2047.2454461925,2087.07001575927,1871.45647117226,2639.16532059742,1939.80564890983,2018.04383091836,2011.31906129496
2012-10-05,879.330802007715,1808.85249766069,1968.381845442,2072.48331866609,1997.75191145804,1979.50385716241,835.710138172883,1918.44652581598,2987.60700828591,1611.69559781329,690.062066044053,720.450622611763,1622.5230159284
2012-10-12,2075.24775450152,2173.49347991693,2068.18869831166,2206.55304348664,2181.71419989186,1994.47881306363,2902.42621765216,1732.415963828,2845.38404433249,1676.5853337946,2729.78606180478,2686.64620562621,2272.74331801754
2012-10-19,1630.89346209214,2445.30098245203,2279.7315522557,2340.28746417827,2192.59044992708,2027.04883584671,1135.18276362507,1948.94865628481,2053.1906660483,2175.46778730407,1171.12242158246,1216.44254332952,1884.68396541051
2012-10-26,2366.68893608074,2576.56180781442,2562.14731903392,2254.32043555774,2180.96703745989,2153.10728814811,2588.43999288182,2134.14850469747,1870.27303603445,1875.40177247318,2564.41189587216,2523.27500255201,2304.14525238383
2012-11-02,3071.25577897545,2807.34488491436,2604.97829273432,2279.07461629793,2250.3171543897,2003.45523214586,2174.57572368433,2568.32901836801,1892.34855369536,2536.46370814735,2233.89523103834,2264.55967380178,2390.5498223494
2012-11-09,3066.82317141348,2575.61489679932,2430.83503679597,2386.10412916916,2251.90723086378,1998.19377750774,2654.76961797827,2473.9888441746,1856.75829736799,2491.95805917839,2693.78975225072,2717.71892803387,2466.53847846111
2012-11-16,4610.19240035402,2356.19726832084,2552.34505748469,2521.7187404242,2275.81873416294,2018.58496868165,3124.93027693337,3386.61769563049,2246.46806928128,2644.6245486064,2924.61609004065,3040.77988444307,2808.57447786363
2012-11-23,1600.43320548145,2095.10647897647,2270.17032453337,2368.7692331776,2267.73109247601,2020.84901451927,1972.70689375622,2577.16045944357,3118.75069259289,2771.3691448677,1856.81655472159,1905.65375042883,2235.45973708125
2012-11-30,2066.30521509351,1956.47550310154,2139.80872452767,2296.78922570501,2292.57101427686,2021.35445892297,2150.60653523329,2079.01061069926,2308.54178000584,2667.88639900499,2082.60671463758,2268.96325692372,2194.24328651102
2012-12-07,3611.74102255228,1601.68811814484,1878.80780603249,2079.10569201545,2307.8201200737,2012.83517059281,2246.55134799259,1836.54545722898,1898.06133862634,2051.7604275082,2172.90485167331,2343.22724195168,2170.08738286606
2012-12-14,2444.29197765669,1709.47697203066,1578.94161546526,1903.64076493223,2263.84464694736,2008.93283316141,1935.24971386569,1917.32025070929,1670.72822556118,2087.20995748181,1552.92880892016,1808.05780556208,1906.71863102448
2012-12-21,2432.90245157051,1437.25602907199,1661.35946755206,1736.13107045171,2186.53583684095,2017.03733791198,2081.27250031885,2151.43731687225,1813.32554688432,2242.84413812988,1794.52749198599,1969.51586435745,1960.34542099566
2012-12-28,1773.06462357697,1746.18829222381,1815.13293590184,1807.37907578911,2033.86690697803,2030.84028766294,1705.83525534252,2166.36588970186,1514.80164906459,2195.15864472601,1283.65050919504,1494.49746184484,1797.23179433396
2013-01-04,1765.25673488242,1697.33567304507,1655.87225596736,1748.31965064494,1923.46555717974,2012.80185898393,2487.72189574044,2135.12745534287,1921.07815061815,2337.78981322946,2147.85256258868,2309.69570817027,2011.85977636611
2013-01-11,3197.28748309352,1921.78861360245,1850.89295092147,1865.9362983644,1885.26781093995,2042.04402705464,1993.84497029027,2040.6600947024,2803.55776798076,2060.13600350596,1561.28503181032,1724.09157069246,2078.89938524655
2013-01-18,2019.07431736575,1820.05774721133,1732.80816789108,1764.41839966703,1851.84201756266,2040.78033518133,2603.26787417715,2271.99964535763,2045.62238421749,2124.6258725028,2235.49740472944,2314.07315074509,2068.67227638406
2013-01-25,1979.01567357933,2017.72265915335,1898.27205610241,1865.47573354591,1776.21660456629,2136.85171233499,1618.9294879403,1847.36866369483,2077.27671860263,2299.02066727023,1476.96090015394,1601.85366371761,1882.91371172182
2013-02-01,863.255754680254,1823.27555228372,2016.70752516541,1946.48719380213,1771.80568468468,2042.31913716309,1636.78683096486,1698.10713655777,1568.43354356132,1939.95367086745,1238.85629768777,1324.01203855627,1655.83336383122
2013-02-08,1572.68547884766,2046.61857940842,2084.95220197287,1982.22104620484,1822.25217414031,2035.74888389385,1875.86264591067,1202.99349438381,1823.88114993348,1855.79617414598,1638.42897806616,1761.58973194411,1808.58587823768
2013-02-15,1561.58217755122,2057.73916007385,2095.64683628056,1921.7149188292,1886.85183535541,2033.51465566639,2175.35944555249,1715.36502224777,1510.09185987879,1817.23558421626,1891.84243103643,2040.65212205982,1892.29967072901
2013-02-22,1919.18203459164,2208.56463658299,2109.16740165233,2041.49963010554,1912.31690540877,2031.11062228726,1942.5088427328,2126.24831572503,1845.48668338828,1723.60836565159,1668.10897002907,1813.07954361209,1945.07349598062
2013-03-01,2194.67011528174,2430.25670235557,2135.68436082616,2067.88957468701,1933.94505350702,2169.15792056743,3095.20311894647,2453.14955596773,2026.98995855232,2367.97299025606,2797.22424138883,2913.94606794514,2382.17413835679
2013-03-08,1601.81248296965,2453.43559108062,2146.89259984545,2153.74963074588,1954.48758333405,2034.8303502618,2152.82063642615,2492.67339280852,1787.1663367898,2357.73949812289,2015.17382691947,2170.1664410717,2110.07903086466
2013-03-15,1844.60184791625,2187.65824183727,2136.04156833062,2093.92605899684,1944.36948324269,2014.35829620515,1912.00188267279,2316.13802483963,1965.59115065526,2257.77056627748,1837.12222595497,1967.43058506037,2039.75082766578
2013-03-22,2564.00099430462,1853.35100968535,2032.93787454053,1938.57207916573,1944.92129387085,1996.71543698023,2478.42169065857,1722.8592105212,1697.63710457095,2159.5765521598,2428.35216719276,2552.33994018315,2114.14044615281
2013-03-29,1628.50785467592,1956.77271932339,1985.62621754451,1994.58617539033,1973.19381370864,2004.12099485007,1477.91758690819,1687.2537391441,1028.7958539645,1856.64437271594,1353.11955151472,1431.55880518665,1698.17480707725
2013-04-05,1261.94439612413,1850.74264215604,2006.93813770216,1985.64563821767,2029.01938058323,2006.27168669609,1447.94719134677,1767.5643715959,1915.87603841292,1500.96879330712,1241.54512358601,1265.49996104172,1689.99694673081
2013-04-12,2379.38372266763,1993.23482030677,2064.55711969174,2202.66342862968,2059.99025167715,2017.90205198736,2203.15357048994,2174.00567603449,1916.97303637309,1663.24103315992,1993.57050809133,2004.99085195829,2056.13883925561
2013-04-19,593.848689987166,1965.83908575594,2112.01519915341,2182.65093484823,2127.98327771157,2020.91885172081,1691.62151517474,1962.83811465757,1790.48452941731,1879.23005713475,1725.53250942107,1631.94442131241,1807.07559885791
2013-04-26,1493.91122840271,2432.40216727402,2114.39606244481,2116.5189575021,2156.4632394493,2017.18532387156,1825.25253285839,1957.26148506802,1585.35587954514,1891.0025368902,1845.007639966,1912.91095615067,1945.63900078524
2013-05-03,1451.63264185549,2341.64353361048,2244.34351451068,2142.03918590377,2110.38693263578,2010.70584019067,2128.03155319175,2236.17875828384,1935.14943557641,2141.44220601439,2137.56339895522,2125.93230592548,2083.75410888783
2013-05-10,4011.92501147728,2338.0114029635,2288.22688099071,2113.16247739498,2080.89919975406,2036.02918295761,2893.93792014046,2340.6451891712,2867.03004426587,2245.1524614872,2932.73737025829,2921.11152110523,2589.0723884972
2013-05-17,1427.28191588632,2125.65860491169,2144.09333698711,1960.04680452648,2025.25549611352,2003.19507534457,1663.4128689534,2175.71552684959,1956.37655860549,2157.70887758668,1701.37306552255,1666.72935461705,1917.23729049204
2013-05-24,2157.0904376581,2158.24180520678,2022.01443050835,2143.40468411876,1905.82158634976,2003.11891527459,2134.40081784577,2083.57766041129,2002.69801472934,2250.47786813441,2172.95416065589,2183.66016318034,2101.45504533945
2013-05-31,2643.60270099129,1874.76235447625,2026.6302889263,2082.71339807827,1804.42204644284,2007.18821981555,2089.11480750621,1896.01919252328,2165.22187276375,2202.25211167443,2052.3163892449,2050.87609349806,2074.59328966176
2013-06-07,1502.63719713841,1566.37992761446,1779.64959992894,1867.70797638469,1772.05800520935,1995.53369933691,1947.61139295806,1711.81681397136,1665.99356677823,2018.71267098455,1970.40942289964,2006.14832607406,1817.05488327322
2013-06-14,1476.80225338728,1754.74551421592,1823.48831147872,1668.23463875976,1810.34862263548,2013.27157602984,1297.26655077221,1448.29681804141,3181.25824029173,1659.89870853592,1223.94391394451,1223.60656198226,1715.09680917292
2013-06-21,2097.87735931765,1973.65259461055,1741.30557570688,1833.26670972313,1853.89537793443,2007.91930771522,2375.74080655249,2116.83121730292,3132.06609516027,1876.87245490481,2206.98728095554,2105.79577465013,2110.18421287783
2013-06-28,1602.37579372324,1783.45367592194,1720.44557864087,1655.04597433471,1829.65100250465,2031.46914843802,1419.08869907367,2146.69537866609,1881.6530697003,2234.38757153124,1388.82444689299,1353.90926796747,1753.9166339496
2013-07-05,1085.89474066563,2004.30267695789,1723.72771954851,1594.38336879734,1774.5876710208,2055.73614922588,1988.39130542638,2126.83157754783,1559.27249760265,1455.91694375306,1944.82526484012,1855.3511104263,1764.10175215103
2013-07-12,162.18800552104,2079.76331595692,1722.05361108125,1628.19373437615,1781.38624497655,2042.75516436319,1212.44792165177,1620.8271290822,1210.70210507956,1474.15198503762,1321.08244269016,1249.30848629764,1458.7383455095
2013-07-19,2898.61450222234,1948.19868052858,1770.13233168852,1880.07023584251,1832.77383923451,2042.48377644753,2023.8980912355,1653.10301913607,2587.95754969948,1366.1799773619,2078.00910676589,1930.67380764645,2001.00790981744
2013-07-26,0,1385.83319972087,1782.73773163282,1851.94171596584,1871.67778512341,2036.28172159862,1088.10874124914,1033.68675895554,1727.2128435736,1479.01074734294,1222.85010316009,1036.53507121421,1376.32303496142
2013-08-02,1240.44293049485,1772.46752884399,1983.57308544946,1956.97597055829,1921.72354457103,2040.64733930231,1119.53078454396,970.343687941793,1835.23363456347,1190.47521097979,1339.5418719002,1307.88016747847,1556.56964638563
2013-08-09,409.397212489678,1655.78064979022,1979.72413351645,2180.71857148261,2039.23222355512,2032.13986372941,563.31280527522,806.883491660215,1034.48135845489,1183.76649216999,778.892811392163,748.057468665037,1284.36559018175
2013-08-16,922.659437016141,2042.85492028461,2170.41793886552,2316.07910323812,2228.48468073061,2041.16990870809,1043.28527560636,1755.58916741921,1824.92724089564,1266.52032688088,1021.31963330136,1029.88812975928,1638.59964689215
2013-08-23,2229.78430546481,2389.68283156145,2556.07623128229,2364.29594521876,2475.72838262115,2060.45813994228,2916.78111967809,2208.88039068319,1984.91200826298,1470.11149805149,2705.53081643949,2781.12156646766,2345.28026963947
2013-08-30,1266.45177255999,2805.70009266992,2568.71310464332,2549.01050733394,2653.49679164631,2068.60008152114,1964.64366548679,2389.06726642336,1810.79207912429,1554.40644009701,2129.69782150306,2116.09207712113,2156.38930834419
2013-09-06,3040.19334035957,2931.86224829072,2624.72225326123,2652.50949467621,2706.37192734891,2067.29045394055,3275.94288172395,2587.85817564858,2096.94312824683,2685.92184308086,3422.32041426361,3389.30788810196,2790.10367074525
2013-09-13,2938.36593376528,2765.28471868259,2720.35236949295,2650.74673496131,2648.53830469359,2062.02765054064,2979.54556981333,2545.14636463787,2386.1631477107,2623.13457440209,3304.8203169237,3227.57684032125,2737.64187716211
2013-09-20,2760.41332351097,2605.17324963733,2495.34595048267,2530.50127231482,2610.28285567779,2053.12886505128,2117.26108703372,2131.68523785987,1977.21730331961,2524.79617429521,2533.56950582056,2425.97210681866,2397.11224431854
2013-09-27,2964.35215853554,2071.07370042133,2494.63164344064,2599.02871059631,2673.84947196283,2041.98746582853,2471.89243553511,2102.37353867899,2597.54198790958,2393.98404330713,2809.29377634992,2680.83649808488,2491.7371192209
2013-10-04,2900.23019606987,2081.97531233871,2351.25213513729,2530.16036370496,2687.65786887872,2050.0716400836,1933.43982500867,2349.16621620974,1990.61164407126,1995.83683506489,2159.60191197566,1953.00231582341,2248.5838553639
2013-10-11,1975.48377455767,1852.40584982195,2206.10606747258,2498.81924767795,2604.65412185471,2046.82151401821,2055.30196953504,1852.28357498206,1969.63111747839,2003.20786827565,2248.27876965332,2065.99793094048,2114.91598385567
2013-10-18,2174.4230244981,2142.48571677358,2440.70162459919,2561.75303668257,2540.68633257749,2065.21764960236,1971.0488054316,2393.43400769763,1882.33192816261,2182.40097727821,2090.11461647062,1929.76940870864,2197.86392737355
2013-10-25,1964.39673071134,2456.60752525163,2298.60165939795,2366.01458595671,2528.12384417724,2085.33172716796,2193.71582008939,2588.95889336197,2084.51521661799,2145.32005334789,2326.7422415262,2181.41459404801,2268.31190763786
2013-11-01,1969.77684436647,2555.85602321217,2359.4941208141,2337.03866357077,2471.53931177951,2033.26788478431,2423.46536802825,1995.24024762361,2013.13567385885,2567.74283523566,2631.42523646623,2519.01719388521,2323.08328363543
2013-11-08,3588.41301607496,2394.53506108326,2297.71432781976,2204.23388175956,2355.51990077881,1932.14170366512,3157.84574928853,1966.66486247147,2871.54409707314,2426.11170580912,3396.53201466868,3322.52245389876,2659.4815645326
2013-11-15,2502.59078797066,2300.83961741524,2241.17000741311,2064.7612353207,2137.0834944916,2036.81834074787,3368.25089750115,1961.96190137086,2074.22401116544,2363.45030654281,3617.93070158999,3544.44220271434,2517.79362535365
2013-11-22,1393.78649790767,2068.76451549194,2007.11171215751,2031.27870457607,1945.15995072254,2015.5167141942,330.390638599529,1918.25350165583,3051.35217012393,2218.42019924331,1267.04840846435,1021.06835954594,1772.34594772357
2013-11-29,1306.41381457674,1669.02962122667,1953.81265351624,1929.13627873852,1888.42569968558,1982.44211165695,1628.22833422852,1869.96473194927,1913.07620076273,1734.56578891449,1774.24201835776,1696.27315902942,1778.80086772024
2013-12-06,2910.23029965849,1731.74026148041,1826.29023939014,2008.36634754964,1878.91933705723,1985.90588660224,3204.44938845793,1859.87130012349,2446.68995134391,2304.15745005496,3341.68700487608,3269.75518236409,2397.33855407988
2013-12-13,1275.01968380174,1656.42074474302,1769.61907610339,1897.64853638158,1841.64912088609,1645.99773297269,1220.83783172013,2087.13249127587,1870.28339559649,2287.66951502006,2027.00592297685,1475.31411561422,1754.54984725768
2013-12-20,2661.9162613291,2152.49086154585,1951.84103641992,1766.93568794643,1794.06727579457,1970.21017336739,2514.83892690241,1992.45618703679,1377.65410293117,2158.06128669903,2707.23653320844,2500.51158020164,2129.01832611523
2013-12-27,1561.94551525536,2129.41920135186,1771.04885042176,1703.33752445042,1724.49491983146,1954.64761652011,1300.43997192736,1883.83324609438,2073.44703448984,1991.98799630596,1757.96693851066,1480.77488958589,1777.77864206209
2014-01-03,2912.81129982733,2325.5421816667,1994.80136762899,1847.35615482276,1776.20705914494,1968.24897089024,2652.04748910247,2698.77609960697,1958.44820019743,2327.41090144313,2581.2285993572,2546.23227909515,2299.09255023194
2014-01-10,3091.14782611679,2099.81044572231,2003.70582175687,1766.19071242194,1865.75681102101,1975.70731931589,3174.49423088681,2339.92702543158,2698.85502446851,2248.64903698049,3296.98716222213,3176.13592506214,2478.1139451172
2014-01-17,1140.73387250161,2100.88946392307,1898.49972544635,1871.8408655053,1790.45698325004,1969.8488651199,1418.98144930556,2034.29484190091,1732.98872650666,2295.12816865664,1648.5942349935,1593.45042077505,1791.30896815705
2014-01-24,2513.96000417317,1725.62408861923,1929.81443393142,1953.75137640279,1763.07639318903,1955.46611274983,2199.81655620221,2020.30495729579,2073.93785758094,2115.60077496423,2352.3854242456,2188.31091342674,2066.00407439842
2014-01-31,1182.53620037424,1702.48563486006,1924.32858217306,1938.47137877204,1725.07520449063,1949.60798918183,833.228230194311,1832.69786825157,1951.7835462473,2048.55907136201,1117.17308343109,927.128453164571,1594.42293687523
2014-02-07,1952.25954277999,1614.91955154732,1705.47434200521,1823.43093217107,1728.52005882704,1939.78924531787,1614.05065414978,1729.84895817374,1082.43858667907,1931.35925676997,1854.68735914466,1675.29530169658,1721.00614910519
2014-02-14,2336.00081102598,1808.42301578863,1980.29500935144,1836.04834573333,1835.08295860209,1951.92544542029,1896.71313091251,1738.42938750633,314.128048332385,1931.12497759122,2047.54443602562,1891.73048407432,1797.28717086368
2014-02-21,2828.95280195692,1788.95159183367,1569.20374382979,1751.740865103,1862.2530833441,1943.4790253265,2097.98002237416,1835.97130519619,1980.58811518699,1826.71948185598,2474.40147843678,2215.63398566044,2014.65629167538
2014-02-28,2389.90720819497,1473.2229676302,1592.1706314162,1699.76269073595,1800.20638573618,1933.61224968709,1780.0620784478,1751.1002690342,1720.84053786328,1692.93672377206,2199.00991526601,1976.30298416117,1834.09455349543
2014-03-07,1597.68984758278,1831.74198418176,1906.04384434237,1740.18273981673,1800.14764959128,1954.13823010579,1775.59263194487,1762.40394906116,1140.47732814902,2071.06681414797,1628.75807932208,1620.25385652931,1735.70807956459
2014-03-14,1003.88137498418,1829.30827217891,1810.60044278923,1776.10042122377,1863.75356274609,1958.7283840422,1516.38810831876,2268.42711360483,1955.377622391,2056.57558887941,1415.72942248554,1430.81054113164,1740.47340456463
2014-03-21,3008.91554807693,2081.35628807356,1925.1045392081,1973.83797256986,1951.57531013254,1966.07523776187,2904.61330798592,2375.65704930716,1746.19847103434,2177.86988715981,2841.6880358008,2815.07204134945,2313.99697403836
2014-03-28,2876.68086749028,2201.83112124577,1875.04130029037,1934.09339423526,1967.49376078261,1980.95676916956,2371.30060733519,2327.88610146676,1841.54700330403,2334.763184456,2338.49830626901,2294.33465642406,2195.36892270574
2014-04-04,2515.20187239876,2266.54158842371,1930.74646561462,1896.91408993004,1897.24645130758,1974.61839879215,1903.99859256355,2300.27165021602,1218.06056668297,1678.14061443651,1913.89801859331,1915.38076134833,1950.91825585896
2014-04-11,1625.29136658199,2059.49677979747,2182.86465375017,2053.5312114504,1931.22710581926,1989.28821089625,2154.58030941586,2331.77867854088,2019.09732853014,1515.75711100432,2062.49876757786,2030.68781527811,1996.34161155356
2014-04-18,1190.08348796067,2040.41125688702,2272.44245922293,2028.90073383342,1903.15819287535,1981.42536525229,706.271485701007,1771.03017939639,4558.37232497438,1973.86456413808,781.523688473673,879.94075500559,1840.61870781007
2014-04-25,2365.46015136901,1805.07025705152,2102.14043778321,2083.52480442134,1910.65353608553,1976.31054074892,2020.92301559067,1559.48539176183,1969.155167443,1626.03074869745,1942.29483618835,1955.95776264278,1943.08388748197
2014-05-02,1984.55411915916,1944.34972682626,2143.61951719449,2211.12558245902,2039.49728126144,1995.51841839614,1867.26875568976,1876.75596261907,1285.48638233421,1967.11520764428,1605.40253324847,1740.20227180375,1888.40797988634
2014-05-09,2233.69869381254,2451.26962079988,2092.97794292906,2246.67438933795,2077.41670265764,2014.97146762101,3321.45181969424,2063.5698043377,2076.67580455157,1971.18977370567,3167.26564733689,3145.93241798659,2405.25784039756
2014-05-16,1784.42124418518,2171.1290811781,2207.99374439069,2280.5747563183,2041.13848362614,2018.36607558916,1420.07974876877,2177.54699140528,2817.7894089674,2334.88253700974,1750.2090764796,1596.93196865743,2050.08859304798
2014-05-23,2330.46793375032,2292.17359958774,2280.62336695516,2079.25949225315,2075.82072200672,2001.09078904945,2358.63043381238,2301.64646009514,2842.03667353135,2045.02421874287,2295.43608797505,2283.51483861843,2265.47705136481
2014-05-30,960.365071645447,2380.91357908589,2152.45004057157,2083.70803014972,2085.93380588741,2005.6943180034,1751.78102092769,2373.4007417381,2080.65360233392,2091.66065793586,1911.24931072851,1821.44816480409,1974.93819531763
2014-06-06,3343.66733165877,2422.00766550766,2212.10638787451,2102.5148300194,2023.16320569732,2005.75088502069,2375.39224383742,2292.75546433627,2621.98813006571,2273.96417347311,2586.04868631417,2462.80515899247,2393.51368023312
2014-06-13,3501.05413191096,1903.32409259378,2037.91585123815,1879.75868129995,1902.04486731169,1993.10077098385,2467.55498226723,1992.00827371679,1239.76445835229,2126.62549165647,2729.46537205398,2534.94350290415,2192.29670635744
2014-06-20,1876.8768691237,1731.41709580561,1782.73492879666,1763.78437892423,1730.80136902071,1993.12256781995,1893.88451049688,1942.5369513375,1895.29169761937,2127.24210766959,1702.91511130253,1999.28887240551,1869.99137169352
2014-06-27,2420.78392400996,1674.91400346495,1661.6990453341,1626.43891334686,1697.67600156826,1996.09463596798,1914.70181822911,1853.42266606128,2170.05652526859,2160.24783556421,1859.28393965405,2008.05941215031,1920.28156005164
2014-07-04,1996.45177662111,1199.7587912381,1359.65702744277,1535.83040288794,1703.28621587711,1989.18535231738,1473.48169933489,1667.00264410185,2115.96409494511,1483.83380719865,1367.61537089806,1533.40027866951,1618.78895512771
2014-07-11,2661.8401617405,1054.6136827726,1120.05013845028,1365.86127479892,1758.04591805259,1998.94983185992,1564.3901182366,2057.07347678031,1028.16123942564,1618.54089096484,951.365854960685,1420.41620141138,1549.94239912119
2014-07-18,1632.08741771519,1005.59972589436,1172.60822220734,1406.11324548229,1832.00244820235,2009.57393360026,2426.86415767309,1469.09629744939,2189.30865310444,1773.38246172706,2111.29721665083,2248.76816748215,1773.05849559906
2014-07-25,1433.59385310273,1353.03054330679,1235.52749113231,1505.84928629946,1788.5454825442,2032.66831242034,709.109262428259,1749.18684662126,2190.57425532968,1943.9517280084,537.094088111858,673.53587190212,1429.38891843395
2014-08-01,1123.38802288987,1428.92024381065,1427.29592669506,1579.46231288023,1780.98093702919,2029.40491015228,1434.74327809725,1699.29577273719,2125.04967291179,1442.47794697538,1050.10343111344,1170.17007305165,1524.274377362
2014-08-08,1917.53614937093,1558.38311598727,1671.37159770184,1602.93650089575,1812.00004749615,2035.4510014969,1122.59305165508,1549.33744673044,2358.89878307505,1459.12066193803,953.282223698878,1115.5829765599,1596.37446305052
2014-08-15,2700.9307747991,1728.94518914305,1798.69333918678,1779.22879049101,1834.4417453416,2043.03230947021,1956.04190312641,1695.95426751309,1320.35667813367,1470.18439186678,1309.47193983158,1784.51540041363,1785.14972744308
2014-08-22,1339.00604787857,1962.54933934761,2021.01029128788,1919.92924370348,1865.74236164029,2054.91126621334,1805.25823087106,2023.55486751558,876.078905567339,1666.15628961298,1519.34722583884,1710.52652938295,1730.33921657166
2014-08-29,2249.27477693712,2171.1614141677,2227.1685003111,2115.45277630261,1904.6734469345,2068.2775712885,1783.18305951241,1962.67311093149,1747.24379827577,1767.96883953253,1284.34630304402,1608.62076741261,1907.5036970542
2014-09-05,1890.74252282333,2008.46916372818,2279.94725737578,2196.34591120091,1985.50018203761,2066.17995686971,2556.86038044545,2071.60183309445,2938.25740924541,2541.48596610781,2286.79357648722,2382.0759069492,2267.02167219709
2014-09-12,2273.3905949735,2298.65311355088,2165.20735165937,2212.09915027217,2052.79042524597,2068.7365271429,2383.63042744324,2056.01885875351,2638.06486415617,2425.05934862523,2300.08235680172,2366.36460488979,2270.00813529287
2014-09-19,1903.65687395737,2183.88948660926,2140.85231929944,2229.20778664595,2063.8314375801,2056.48877481843,2297.58129634363,2019.1642542012,1965.37672814498,2368.48169059468,1839.58476882852,2180.97531770581,2104.09089456078
2014-09-26,2560.77298093692,2424.75680418741,2162.37373881769,2224.43301146199,2060.8748531555,2062.17262828874,2801.47769684448,1817.23118679908,1689.15115355452,2289.64186309557,2542.26570797923,2658.91387061088,2274.50545797767
2014-10-03,1738.75540587856,2207.36469102281,2193.83885451669,2038.94939645997,2035.092171599,2060.56950077368,2295.16761803132,2019.23560218342,1730.07510829377,2072.92005967358,2072.66545359927,2239.5355850628,2058.68078725791
2014-10-10,2815.48951111197,2098.19500341027,2163.72741244694,1984.62123698553,1975.45880675972,2048.07035606232,2297.73880404357,1932.31857186717,2088.47869991805,2153.06010815523,2134.14404133986,2318.79602616838,2167.50821485575
2014-10-17,1741.51943913055,2002.36685335868,1940.32896907449,1868.96419035028,1915.70425653211,2041.52202343025,1960.23607226334,2082.16735657965,1522.71575121095,1982.82839260983,1749.4870446104,1891.10460515191,1891.57874619187
2014-10-24,1570.62840864527,2045.3959385015,1812.63960445264,1889.5827546785,1865.66594290585,2041.71213785127,1743.55883209966,2003.75988128314,2037.47551262895,2003.64611068585,1541.32299833436,1664.21762473125,1851.63381223319
2014-10-31,1151.43154097032,1803.00177731862,1954.07500878248,1856.5675167116,1897.90692525979,2045.31513785166,1667.26421768138,2065.48947687834,818.839622254668,1943.23989124192,1317.16992980784,1496.83603565561,1668.09475670119
2014-11-07,1681.76159332895,1782.60446690135,1848.9244682904,1885.41769925954,1945.7663324555,2044.72717177248,2684.6512412169,2051.3732269664,1633.44689259904,1719.48664914139,2473.2434855768,2569.42020402901,2026.73528596148
2014-11-14,810.439507899141,2038.96269864317,1935.55001474248,2074.47387048597,2011.43301001784,2056.00616417784,1656.79924169222,2095.3808667102,2313.95224857246,1478.42017478462,1506.42684763815,1604.40941560973,1798.52117174782
2014-11-21,1340.61108056852,2062.45471423783,2008.23718913205,2071.56351397532,2055.38840938663,2040.79418461737,1390.06737972644,1983.84378099171,2430.10553384431,1548.44310322603,1339.27437525074,1345.06415903807,1801.32061866625
2014-11-28,1321.47050313959,2206.55951963459,2045.18781262687,2096.94151751498,2058.58724653649,2030.25671726055,1352.49287400433,2016.94860729282,2630.45742075962,1505.12173804554,1349.46520487247,1311.2334505341,1827.06021768516
2014-12-05,1401.77586624137,2279.2454276638,2464.51097395588,2260.08306918688,2161.71928098058,2041.87977866542,2282.47616764648,2015.09553075545,1940.58965593356,1955.37071559998,2172.99710503648,2165.70554202482,2095.12075947423
2014-12-12,2961.40490120104,2697.00583744293,2570.1863536164,2341.08532340365,2246.84572345013,2050.39919799926,2128.92691514201,2054.42793015901,3026.46956699678,2198.36153317272,2240.67698068608,2128.27789414996,2387.005679785
2014-12-19,949.632364118677,2518.65740850562,2478.02018168785,2348.58823927382,2219.76440674908,2043.68099459987,1850.62891321667,2031.2356678866,1614.83208606523,2130.22385072557,2032.37100829307,1823.8674305989,2003.45854597675
2014-12-26,3822.14333387967,2620.69820303554,2563.71924433586,2484.1250067148,2215.88902551428,2054.90618397577,2718.09799974854,2080.79450400643,1382.46981426625,2223.68552530208,2795.43233466517,2711.92673666487,2472.82399267577
2015-01-02,1618.55412128066,2194.98307558671,2203.75840194611,2258.07645133737,2210.61482699226,2040.15935534234,2208.7602533453,1898.98691285198,2558.4577669442,2130.56436901283,2334.73475220991,2266.68676998051,2160.36142140252
2015-01-09,2103.18855839556,2043.36905787156,2005.70415979051,2286.61682941251,2162.13080090319,2038.68923154753,2383.44093322396,2089.75401436248,2396.13316611688,1842.61711249418,2571.22352183137,2572.93811017698,2207.98379134389
2015-01-16,1661.9213014378,1602.99454224245,2098.03381464181,2022.82868496771,2210.51017842623,2030.84826285068,1345.18740712487,2067.24044963026,2030.3031186768,1700.00933021467,1431.64796442689,1401.43804782759,1800.24692520565
2015-01-23,1415.69898494578,1606.58928288918,1700.92827818218,1811.86098027669,2222.07605447606,2014.61040027083,1967.23595217841,2002.48740708803,1710.54687589497,1702.79971588793,2036.7083489819,1972.48313300052,1847.00211783937
2015-01-30,970.901743002283,1629.02219969348,1711.78898835589,2021.92004532067,2218.53140925709,2031.23516513071,1122.20278775616,2069.07044502494,2199.62804472366,1546.32589666585,1183.5267773385,1095.39803124145,1649.96262779256
2015-02-06,2095.80077360201,1881.31939054447,1905.19548254215,2043.68504748343,2252.62575975743,2025.64234630522,2168.37823428586,1889.83736609241,1876.07631932178,1902.90335734674,2193.37155739749,2060.79949486839,2024.63626079561
2015-02-13,737.441512965777,2176.39256543514,1887.65740382855,2063.49171760268,2210.05220821144,2027.18457471898,1511.5576074872,2057.57026591369,2636.60309042972,2056.83936532327,1657.77051934804,1554.54561414223,1881.42553711723
2015-02-20,491.320112879886,2320.03187614872,2338.58353849814,2258.93583220855,2221.35570233962,2026.90566351786,1602.05793485761,2107.50175470824,1667.18501640677,1942.61895998657,1537.66999035902,1684.56324431744,1849.89413551904
2015-02-27,4275.14686073246,2657.19705044986,2659.17025807179,2224.58506777026,2228.90445843051,2024.10435525572,3328.45855843499,2066.21296736493,2240.22695492463,1838.53369323508,3619.43780479232,3394.11245383833,2713.00754027507
2015-03-06,2049.75786259828,2486.2482471284,2344.69956012789,2323.1630388526,2117.38938661274,2011.03208562923,1695.75569020755,1933.10727741495,2417.75396018466,2454.76389610275,2036.08119718889,1881.71116733373,2145.9552807818
2015-03-13,2814.75546577388,2590.43776154587,2524.48475834614,2258.49105045844,2098.64541792079,2013.76929892909,1947.75716323744,1949.43010381898,2141.54669687165,2413.50629764118,2138.97559958644,1974.43430410628,2238.85282651968
2015-03-20,3413.53482087808,2708.58240410561,2564.00167095093,2427.91516689988,2221.07599660314,2038.23746791545,3545.31055484089,1918.06012523168,1632.76080620867,2335.68243940268,3224.55198342692,3379.55328126509,2617.43889314409
2015-03-27,1789.20243559858,2288.03451812012,2266.52282605277,2529.25887431923,2344.05188770634,2047.15568422153,2233.65195517968,2593.76261429841,2677.36583745064,3072.05616371037,2442.29732448165,2345.4071525522,2385.73060614096
2015-04-03,3231.67313918501,2134.97325555318,2428.46771690071,2450.66577425783,2461.93243881355,2049.85748517541,2917.15060775026,2371.51433810976,1837.10667930353,1865.51663913046,2940.62555753418,2909.50584553633,2466.58245643752
2015-04-10,486.097557648765,2070.62258299526,2185.70262994592,2167.13713269379,2425.90572107178,2035.59380971212,944.2117082245,1958.33711413003,1537.37343340832,2051.16709867525,1485.64589276912,1070.05588806697,1701.48754744515
2015-04-17,1824.22185313855,2458.46584074381,2142.25745140018,2389.29919815665,2404.25694024523,2043.26199277382,1663.89277810361,2072.53095446596,1119.39557964263,1491.8081524466,1359.21268006558,1560.95473881397,1877.46317999972
2015-04-24,2634.54809586106,2178.9590306902,2376.82799885116,2339.38586233,2446.76914429142,2048.04222916463,2657.26308375886,1919.82538355024,2292.8445534489,2044.49015598496,2704.27080483806,2556.40569617003,2349.96933657829
2015-05-01,3516.44640411416,2638.76319699218,2378.17236792876,2316.00788553244,2343.62350073679,2062.10900938422,2797.80450710005,2030.4547047376,1838.35230070304,1944.63109533395,2996.66879919867,2799.31742178883,2471.86259946256
2015-05-08,1582.80801409327,2267.46702784073,2386.52902387998,2327.19754571736,2269.29537059287,2063.81777135213,1930.98650848265,2029.29005845889,1725.98227073667,1972.2114900599,2194.59924203207,1941.03424492213,2057.60154734739
2015-05-15,2473.10835312332,2587.28892003041,2498.77224781286,2393.93347505514,2196.59638203664,2066.07589218944,2120.26639840249,1957.07570168228,2210.80479291449,2107.26699472694,2273.52508961396,2151.98440761773,2253.05822126714
2015-05-22,1893.64630782549,2086.97362383691,2246.60677351881,2271.16164278538,2132.77736570441,2059.31338862592,2070.43545855644,1992.64604518787,1520.98072122923,2290.82617245622,2413.23411387809,2129.31561642324,2092.32643583567
2015-05-29,2123.33099907894,2000.2013819776,2234.38462461418,2245.27617041334,2198.47779001883,2055.85409104376,1459.03596043369,1951.77843519538,1671.92132580232,2329.45701908892,1828.14051711266,1550.20606304383,1970.67203148529
2015-06-05,1317.55456463829,1979.89788061521,2066.83931732417,2097.57712131975,2266.33860831704,2057.56108298112,2471.84791465313,1965.1030251914,2382.45985579535,1965.56894039133,2321.96395713827,2351.87605084356,2103.71569326738
2015-06-12,1508.18674125642,2156.89505754057,2137.83897313971,2274.80146997116,2204.05706355306,2064.37066594825,2374.5280094247,2111.25615350975,2864.49720235525,2242.60529209424,2681.38893708661,2494.7884563495,2259.6011685191
2015-06-19,1773.85380443807,2100.75043476259,2039.59060356461,2050.03534903665,2123.14603541774,2046.73740628065,1670.27712199086,2035.07039201103,2649.8872538853,2005.17407139194,2191.60945114628,1840.37673350341,2043.87572145243
2015-06-26,1349.26507989598,2103.42479878776,1977.43875944159,2024.39714394344,2063.90194112887,2028.32191785535,1842.32716651495,1842.640790719,2055.34341596022,1713.17079004507,2217.91677935903,1928.96459287013,1928.92609804345
2015-07-03,2696.19756109501,2338.73365763107,2104.16618301311,1969.01504971082,2072.09817913741,2032.44446347431,2372.45804505527,2110.85488869817,2141.74247950941,1945.27717182052,2557.41581756899,2406.47566474754,2228.90659678847
2015-07-10,2183.63264990109,2158.0636754833,2047.15750348419,1988.93946495805,2053.67895826704,2023.8523825535,2380.69907282874,1998.60156941275,2752.85437218728,2221.01597671838,2853.49101832417,2481.51958578699,2261.95885249212
2015-07-17,2560.35492339809,1877.63196779317,1947.37250476787,1862.42370002487,1943.08926156607,2014.07981553597,1864.3581146688,1739.62615995991,2016.61330178086,2436.23065281598,2623.85675236676,2135.40610473287,2085.08693828427
2015-07-24,2626.14846614741,1707.6150988547,1834.86921845501,1875.7902754928,1898.30262836255,2004.3060548406,1982.82245938887,2104.72361741894,1858.63490702518,2093.63725199183,2384.47501338269,2084.16070473809,2037.95714134156
2015-07-31,651.455851417221,1552.69202031367,1736.80029730497,1909.48193227962,1915.87319718495,2006.60664247427,882.628396973597,1581.09749827941,2055.64069282677,1927.81879358167,1111.9027622429,925.92860462022,1521.49389079161
2015-08-07,1999.0511120175,1645.21579403918,1882.39010870547,1948.34698068043,1993.23943434131,2013.2961788472,2075.21559326352,1833.10958855595,2390.01174585702,1749.41744465337,2003.48274681415,2004.35727863799,1961.42783386776
2015-08-14,1596.08880320938,1785.62520578177,1889.26154414903,1992.034310321,2059.43770898935,2024.02816606238,2202.4568943671,1923.87164589893,2116.09011370111,1775.01034866042,2285.05926916022,2189.40485624431,1986.53073887875
2015-08-21,2374.68961831178,2146.40898547208,1907.37941998487,2098.05635551471,2071.90086885104,2028.26110457028,1858.16318313389,2008.25861886931,2363.03425880709,1778.04934679989,2037.63196723174,1906.52588383655,2048.19663428193
2015-08-28,2014.89602417847,2155.28077364022,2029.99404891436,2024.9388355869,2028.30237222324,2018.33236147413,2168.59703373725,2302.22891940983,1734.70195279515,1942.04074295887,2394.8316917929,2187.9234634371,2083.50568501237
2015-09-04,1493.64640876453,2543.91406641751,2333.00651102103,2075.44497508623,1962.76442261583,2031.32436376348,1718.90196768814,2340.68016678925,2082.07570561849,2044.84641666159,1866.3387843242,1745.29377289129,2019.8531301368
2015-09-11,2530.9944180911,2545.97323662952,2501.31320835835,2193.3627740951,2013.33427055751,2039.26150960689,2550.65182153089,2439.49158747772,2631.1972984529,2084.23810185563,2493.61385672914,2475.98522751913,2374.95144257532
2015-09-18,2785.18787521452,2430.18372923977,2428.49365809279,2216.05432609232,2041.60403088555,2033.38072005518,2268.72363759643,2320.78451356207,1754.93080014382,2541.68698228853,2722.84791405776,2399.8254997393,2328.64197391401
2015-09-25,2590.46221632385,2255.5168096551,2166.1429770693,2148.17871318764,1998.5213790012,2027.75267600808,2498.91323171322,1981.55589042866,1924.73323603096,2475.59769255526,2925.23159363425,2627.40413080354,2301.66754553426
2015-10-02,1664.64524886863,2013.48765399007,2044.43788980761,2024.28930205701,1931.70857872758,2014.14824786978,1453.94991236615,1567.54487050254,1946.66728137921,2549.06872690896,1748.2785199845,1722.43465825294,1890.05507422625
2015-10-09,2166.02770280757,1844.9457309584,1861.51715948586,1999.53871509602,1927.09890772536,2009.21930750314,2482.87064309142,1938.56464548769,1982.84693220313,2158.60053451264,2621.2629316342,2533.60428444744,2127.17479124607
2015-10-16,1972.50201132635,1526.6951856038,1865.52166920605,1889.90320042661,1997.02774094287,2009.5903280408,1747.86959409853,1919.10097078101,1918.88657987601,2143.99815205818,2056.08275448234,1890.14542040577,1911.44363393736
2015-10-23,2620.35407050381,1536.51409777172,1596.03876281085,1706.74725856448,1996.92842214329,1994.46233196749,2017.88919780002,2010.77788406324,1943.58590647678,2081.54431191938,2182.85033983987,2139.70213212412,1985.61622633209
2015-10-30,1877.262369104,1396.48674208388,1283.91909031367,1600.44096173253,1902.25816611304,1983.7138661834,1390.63498667477,1940.56025141552,1714.28896272149,2042.0989082611,1549.5466106984,1546.35299241054,1685.6303256427
2015-11-06,3182.04054589634,1496.0321950129,1464.91491119994,1664.83005416986,1800.88357505896,1985.88551993201,2430.80325810686,2019.99118493869,1403.36886839275,1709.12711018788,2465.0526837086,2466.35478861709,2007.44039126849
2015-11-13,1952.80916514186,1320.20351245634,1444.70481015211,1509.22240474599,1714.83895800536,1996.34075445214,1386.05989504603,1859.70890256007,1618.70307781673,1733.48669272603,1355.32441504829,1398.74331181172,1607.51215833022
2015-11-20,1409.43577115173,1599.87942122273,1765.37436966225,1676.70295247288,1682.37129032497,2007.46993510491,1522.13033055685,1965.06564774933,2093.85512744042,1671.08491132157,1150.05637081227,1393.22787270959,1661.38783337746
2015-11-27,2629.36013878827,1675.51348770712,1871.89129090777,1734.07023234782,1716.45950143164,2021.72046950496,2108.54802802268,2127.74420311828,2089.19203111505,2063.31525013183,1782.85862087117,1983.87198837284,1983.71210352662
2015-12-04,2183.13666584503,2070.13315552765,1769.68908321731,1809.55924825932,1618.71015845266,2029.49157190102,1882.50324121974,2283.00447655112,2074.80560279733,2127.02417308068,1706.77008637485,1793.80655958397,1945.71950190089
2015-12-11,2202.21967569828,1976.33951573068,1729.75427286569,1639.79956001429,1594.57280661162,2027.39992552892,2503.59575830904,2046.71930033833,1561.34435171893,2348.79463609366,2527.49605990305,2550.74295732234,2059.0649016779
2015-12-18,2462.6615469355,2031.20751308766,1914.54345506242,1657.86198179336,1642.55057454081,2035.0841503391,1646.03248221407,2071.39912441332,2064.86850479448,2067.83382576395,1598.60247394258,1672.38086445025,1905.41887477813
2015-12-25,1106.78419733358,1730.15168243215,1639.22021559242,1633.48204798704,1666.14317076338,2020.78738937838,2477.86807141694,1951.98590107152,2087.2878394723,2077.76797418369,2320.00078442767,2426.73092994799,1928.18418366726
2016-01-01,1426.59457275874,1738.71440656435,1958.57862863088,1752.14367094722,1736.33534128161,2036.22143081706,1421.46229238033,1902.45832210792,2131.48199051734,1658.16432711888,1281.70282706969,1477.98557878777,1710.15361574848
2016-01-08,2238.4571172851,1636.5658081543,1716.18136820431,1768.46650715816,1776.16301799845,2018.72902573682,2261.71182523748,2037.50176070408,1814.94254156724,1670.12335572822,2001.43621024246,2168.30130875737,1925.71498723117
2016-01-15,1242.90800972253,1752.3287969519,1411.53120189759,1771.76663689567,1787.29329250562,2014.12354541164,1332.94584768801,1547.9253265998,2180.61151820992,1865.79203670653,1435.96517790201,1433.3692403922,1648.04671924028
2016-01-22,2916.87438348128,1681.96036266636,1669.80060483559,1752.31870686842,1824.79625892443,2011.07121255844,2157.70208901395,1644.89631797157,1748.71436482049,1709.25518739453,2036.33332874213,2166.58001988093,1943.35856976318
2016-01-29,1875.49486692653,1669.46556060576,1843.12135216067,1826.09263471272,1924.47765233214,2024.90730120894,1610.97026724233,1425.79034174358,1953.23905755942,1483.79408769534,1266.53839625608,1437.12145496051,1695.08441445033
2016-02-05,1379.33816211854,1842.94207414209,1876.67039008773,1939.20162038826,2053.70136804342,2029.14476995988,1790.76615083937,1540.72876267697,2361.3192142612,1725.83218831038,1546.14148531977,1725.12397192558,1817.5758465061
2016-02-12,1938.67751819348,1737.23400189694,2202.85587388878,2224.38369959764,2163.87393456338,2033.96615392367,1271.17788748748,2017.03122003447,2025.94565077966,1780.29391708681,1197.81248705861,1314.33761048511,1825.63249624967
2016-02-19,2011.78315198845,1986.87251087386,2166.10642791546,2188.74282472963,2176.33278566028,2034.67371483407,1395.30065180666,2175.43795363705,1403.99183117193,1706.96747461956,1058.4200887575,1247.39791456675,1796.00227754677
2016-02-26,1462.87116415425,2432.45101451068,2258.68270064142,2289.70294384888,2224.73245387589,1900.88332055876,2934.058461328,2231.08822033797,1953.23029738007,1870.68653533298,2644.15399284779,2836.70744481882,2253.27071246963
2016-03-04,2619.98933967146,2565.2653346592,2513.22811262262,2293.97890230086,2279.27623369121,1889.60320779117,2123.49012952885,2012.64321400105,1767.50147321544,2835.78251451298,2172.29802825194,2278.93481087258,2279.33260842661
2016-03-11,4211.82261732984,2323.8905399653,2080.0175387863,2177.16825045982,2214.19001834699,2013.57862577367,3310.00977644631,1861.61262396194,1615.15778954882,3061.96231963474,3525.72505043864,3474.41400334534,2655.79576283648
2016-03-18,1949.78479269293,1990.47214729394,2055.83845374676,2138.36413924639,2154.93329572202,2018.02656363565,2536.99105279596,1997.82446835176,1990.97986413452,2516.02432947687,2371.04007571544,2631.0891338449,2195.94735972143
2016-03-25,3271.99194440882,1857.0472221148,2059.23719728418,2059.68582739501,2052.66095320342,2000.77430382726,2080.81279428964,1866.14819711074,2006.65254632668,2709.71475778634,2272.5801005656,2168.02506227806,2200.44424221588
2016-04-01,1353.88295731242,1522.05414877069,1884.08406543711,1978.54655419915,1923.91575208743,1992.19902803434,2277.05073389772,2128.34023656007,2178.77551444679,2005.8635777324,1981.20900171913,2097.22746929818,1943.59575329129
2016-04-08,3325.55949328058,1835.97420498888,1900.24576985602,2039.48631180146,1901.07549094829,2002.78955960182,1885.38418989003,2006.6662122663,2120.69571670565,2526.01780790527,1599.99308773192,1723.29921538521,2072.26558836345
2016-04-15,2145.0569316331,1789.06678548663,1785.35938575527,1736.78725478006,1917.69368225319,1993.53383589357,2174.17735927524,1899.00859756033,1653.30453447067,2198.9621327787,1802.18219319188,1954.53593594292,1920.80571908513
2016-04-22,2682.20659999359,2202.7469478063,1716.55221315281,1740.24507903948,1851.93562790085,2008.89263894734,2577.74063911403,2261.31024155906,1719.44234440774,2357.82573076179,2318.63966672856,2452.65188098271,2157.51580086619
2016-04-29,2527.48434866204,2137.81580038001,1883.43067238958,1712.21174195346,1776.55544925167,2018.93191028774,3007.06091175458,1992.44714743272,1751.62076976086,2449.60507995642,2666.10396640414,2660.68820675622,2215.32966708245
2016-05-06,2208.13004940912,1878.45125923048,1722.94943717841,1525.71464274141,1667.14839970178,1998.28947510195,1399.35171228046,1974.84024327762,1816.14487409163,2398.55013325032,1407.94654919572,1488.66778381489,1790.51537993948
2016-05-13,1575.27002138098,1561.40080747693,1689.32833433708,1562.54304916611,1587.46132765591,1989.10374192141,1987.99551903297,1906.020809466,2203.68964060626,2087.46264067123,1680.94998530524,1808.80727144547,1803.33609570547
2016-05-20,1375.26214800231,1465.41685382236,1567.48635630125,1591.94100066156,1547.05794173256,1981.8416925798,1205.79079501003,1979.71872207391,1953.41699179867,1946.85908851895,1180.1459151824,1247.9411571855,1586.90655523911
2016-05-27,2507.7017613495,1432.21154963283,1472.36958966994,1694.53806824054,1464.65884075998,1980.53956337529,2256.83987445091,1897.53168668957,1228.36324004012,1996.20802743491,1968.91937455433,1990.44504510861,1824.19388510888
2016-06-03,1691.23905427277,1295.00970375281,1504.65015267487,1669.53424568322,1464.26030549637,1977.32809988766,1363.93990161627,1891.90092406991,1969.94290127515,1458.01919473141,1126.55694167022,1264.4791665434,1556.40504930617
2016-06-10,1507.46315492314,1671.79550581647,1559.49611056261,1449.59020574665,1524.35312178682,1977.32009282435,1458.21887469353,1899.9739976855,2024.66979596342,1671.95233561574,1154.46344608252,1300.68429683493,1599.99841154464
2016-06-17,1584.62675567442,1598.0954814072,1578.78172665983,1525.48861144442,1580.38439064077,1977.43479594453,1557.52381061401,1988.39639687341,1803.2358916079,1558.18581028078,1292.9115166699,1308.36954861574,1612.78622803608
2016-06-24,2380.77524820097,1758.52981555196,1668.47445532146,1604.16729264869,1658.68066811544,1984.82146548874,1871.5060724506,2108.73765349044,1339.8785852984,1695.219105603,1514.85398051155,1677.05201630128,1771.89136324854
2016-07-01,1654.45587421809,1648.62829980874,1581.80243055121,1548.2044604328,1706.24837604593,1980.28038645487,2082.03867437814,1932.8103011753,2101.58079922082,1879.20895778799,1786.13489987628,1944.97400568494,1820.53062213626
2016-07-08,745.432740613465,1785.41445119436,1775.21973737658,1776.29566862965,1712.95833528539,1991.22836139597,1342.80888985302,1921.29611611974,2145.55818001526,1588.48011602611,1060.88154767603,1227.14347715037,1589.39313511133
2016-07-15,1662.86684656899,1779.00638216467,1805.09300530369,1797.63621986355,1763.70228363068,1981.18018158451,2039.12008288597,1931.63476875976,2013.30801893175,1872.57062775114,1756.65459184623,1922.36589530303,1860.4282420495
2016-07-22,1818.72000735505,1994.84272705949,1991.14650841391,1976.58282537993,1864.13158453662,1992.35906494618,2330.91930798224,1991.64866992779,1803.79227422273,1724.71853498088,1986.87600112603,2167.11810647727,1970.23796770068
2016-07-29,2160.84765879091,1984.34272727642,1843.24738946944,1896.00458115753,1936.23302473041,1977.99550818258,1234.52556189635,2091.62641583978,2123.91600781902,2308.69707631092,1105.91212178493,1274.39255982111,1828.14505275662
2016-08-05,2249.37260494507,2028.83047118487,1981.85259023023,2017.52975079951,1943.94935979601,1971.29801423976,2208.93159159884,1944.08047813354,1322.6057876875,1937.60336681748,1924.62326392245,2084.3434841154,1967.91839695589
2016-08-12,2373.97652315689,2129.4122239595,2181.37888067819,2092.97390650179,1946.5162796398,1988.47802834102,2041.21749213627,1959.15981671426,1616.30942474391,2354.01076371178,1723.52149692569,1876.60899372674,2023.63031918632
2016-08-19,1649.01075813746,2211.81105082811,2280.69448956584,2132.26642435588,1992.46025567866,1992.95581761779,2098.8644753908,1975.85793051465,1712.38947520935,2145.47113367445,1767.50909870699,1912.5863943394,1989.32310866828
2016-08-26,2673.80211865949,2249.71027466158,2350.91818858921,2159.86951853795,2101.27928100733,2014.03555392434,2493.02847283351,2592.85243772382,934.957599198886,2347.33322366877,2140.80325372787,2292.39734488538,2195.91560561818
2016-09-02,3109.91498189823,2229.76495325777,2103.47175160751,2208.73307788967,2126.67935218004,2010.89512960502,2350.14986096998,2417.91727197676,2337.58450542213,2093.95696246265,2065.50408834116,2230.27934149555,2273.73760642554
2016-09-09,1239.10767373456,1880.27900241696,1804.91793893011,2006.01756492741,2043.10745141596,2001.1776813757,1744.75146079882,1989.04564601495,2120.93409860805,2118.32162440546,1559.81260323681,1727.77525221006,1852.9373331729
2016-09-16,1676.71393718566,2066.47542594609,2087.00685177378,2082.87780922666,2009.72857281001,2015.23911360469,2271.56014305484,1301.51803501837,1879.03529229779,1798.15665695625,1935.82021775317,2020.11565048995,1928.68730884311
2016-09-23,473.039330515043,1942.55369831581,2029.32537961367,1979.87627339493,2055.44206045609,2015.39053503772,1556.74196516773,1544.62109779614,2142.69432677964,1920.79201132506,1275.06277817388,1466.69315767131,1700.18605118725
2016-09-30,2211.32387435411,1950.11598799036,2062.58933259018,2059.59314093786,2149.32013403007,2013.9884111231,2018.66187789378,2038.51388843264,1750.35303779553,1868.66617836714,1780.48752312881,1883.57069108381,1982.26533981061
2016-10-07,1643.04550051855,1806.02481852494,1986.71228258818,1968.2833418007,2159.46383447131,2002.40163700499,1921.31960915125,1757.1177608453,2197.53921344305,1870.17322507779,1769.39793640454,1863.27850119502,1912.0631384188
2016-10-14,1202.00429712007,2266.98062768165,1826.59635359148,2064.58024961142,2031.4599486511,1999.0170458785,1493.63416945013,2010.66785217381,2112.91100978066,1847.77694805673,1414.34328214915,1534.43682548058,1817.03405080211
2016-10-21,984.96847025884,2189.17638084595,2181.24079113133,2170.35241123602,2009.97638263502,2001.40653638245,1856.26227105785,1731.4995642352,2609.4751085521,1610.6062370635,1713.512123545,1769.03099752464,1902.29227287233
2016-10-28,1708.83238807628,2404.28246301902,2529.39428441183,2297.23751208147,2107.66437078887,2011.9222763604,1921.40835969902,2040.2120604098,1799.66969437933,1581.74242769107,1779.7549263403,1783.23890993711,1997.11330609954
2016-11-04,1983.57208848284,2273.36735493376,2393.88104772558,2192.820983341,2180.31885011631,2000.31150072809,2575.86901272916,2036.87315207667,1521.3487133598,2270.25407831198,2584.36034575389,2574.96121164769,2215.66152826723
2016-11-11,2858.52443988911,2764.73343421417,2548.35695426532,2472.79680795758,2249.41911678851,2022.93199528805,2528.41880174515,2185.88953087618,1356.07753459439,1992.84447053898,2512.93063298756,2656.81209271774,2345.81131765523
2016-11-18,2294.50049310424,2618.63782559068,2314.39932471601,2323.33184001559,2228.9926766567,2014.26786249927,1940.44847890578,2060.73261397531,2808.42855373711,2579.02830238535,1958.9044519471,2059.67705218721,2266.77912297669
2016-11-25,2157.61157718841,2458.19103296588,2269.21837902987,2276.93776223884,2170.96140318893,2009.37920884272,2362.75204517775,2085.54018393482,2265.0313924079,2593.05707022553,2440.32972539631,2396.83614958957,2290.48716084888
2016-12-02,1142.14908004342,2073.88657632858,2385.47364292491,2230.41600420397,2225.56742145058,2015.79288174013,1587.18648256033,2080.46512108277,2173.88271942269,2020.61557333051,1667.76098534287,1651.08822455703,1937.85705941565
2016-12-09,2119.89671362935,2014.91693992225,2136.27931334732,2191.43656508819,2253.17240101976,2001.76144331607,2080.52304822593,2120.24840407164,3347.46543403284,1992.91722613072,2165.48253420041,2153.03112038588,2214.76092861419
2016-12-16,1522.95861522819,1609.39984697857,1830.77470308986,2030.93766743998,2176.18689696204,1988.3972445897,1814.09225289172,2097.84944402858,2245.82171036874,1857.25689726057,1979.5207633121,1979.89002577714,1927.75717232726
2016-12-23,2567.81082480906,1660.57643267154,1876.70263859459,2046.46848558618,2094.31638527006,1990.69889825565,1826.77446973987,2050.21824526297,1556.55327497899,1477.10935013139,1890.76567881211,1837.85601550052,1906.32089163441
2016-12-30,1991.38119704723,1683.65517281043,1719.55333110589,1842.84274639632,2071.25484780346,1984.8313500216,1800.18480181719,1938.8594516021,1511.64923572136,1583.52048004998,1789.17899655511,1725.34474534164,1803.52136302269
2017-01-06,1131.58494545919,1927.52566642274,1786.98269358993,1897.60111294562,2111.8746952775,1994.81959442413,1717.00917286378,2087.18791151829,2348.45868011615,1833.68368254658,1726.40554540851,1680.09030638227,1853.60200057956
2017-01-13,1794.51059041616,2001.53557482955,1984.28986502388,1872.40615608094,2152.51516084617,2005.06979744145,1579.73299703089,2051.32581576049,1714.4327309262,1960.01084827037,1573.32710433139,1518.36325977073,1850.62665839402
2017-01-20,3111.4703863565,2023.52879653733,1855.92605233542,1972.73549618207,2097.90611658096,1998.11632418318,3065.33334300471,2047.02819825307,2541.22363423101,2145.73135570392,3088.36206385111,3016.85925896037,2413.68508551497
2017-01-27,1852.57366902733,2044.67616462954,1909.22371855536,2013.81511747809,2051.24239038582,2013.19165174723,1838.86473139715,1877.4046392104,1849.70217930193,1992.84652986094,1906.37564578163,1854.43435257218,1933.6958991623
2017-02-03,1458.43263529973,1994.45651722474,2167.47572181596,1942.00430223995,2000.50124119392,2004.67631533174,1438.92462196162,2053.47875254459,1946.70629879173,1662.20210609399,1468.70998323352,1409.06354002456,1795.55266964634
2017-02-10,1837.4498728654,1998.97950935905,2037.98032304745,2053.2698868982,1993.88422210633,2007.60082252954,1980.54107656817,2050.42079145761,2033.62520042723,1611.14993229423,1976.45784700003,1884.35982727674,1955.47660931916
2017-02-17,1672.51725145043,2002.95703574895,2222.52517488147,2234.7784304025,2135.87728941184,2018.30605452683,1916.06398431595,2076.82787544987,1317.04234846304,1722.42753437556,1939.05924743262,1835.57832568033,1924.49671267828
2017-02-24,1900.52486577985,2288.52656109191,2224.48728562917,2241.71115495335,2257.60885415636,2026.90503906727,1964.43838017762,2227.92205463622,1339.88649400137,1800.23767509241,1819.60090446423,1827.27188168825,1993.26009589483
2017-03-03,76.5353253877779,2269.04424181822,2230.66952579767,2327.34402723677,2261.18433042137,2017.55070116093,1327.14189682791,2349.47263378549,2630.14750820627,2537.50567949064,1538.23588599005,1505.69981623748,1922.54429769671
2017-03-10,2496.60222355041,2428.75014831429,2444.05171765782,2481.64103332191,2291.57699296247,2085.21231358446,3303.15959362678,2394.3957654317,1418.00796043075,2085.34427772,3438.46325255575,3420.80026411819,2524.00046193954
2017-03-17,1000.23509264564,2359.59517925909,2405.96718426015,2309.16364090875,2246.0504295438,2044.59352810742,1132.27072259711,2209.36080419771,2119.90396519891,2087.11146605686,1774.58712548898,1522.75314280107,1934.29935675546
2017-03-24,2540.51916814357,2435.82522591941,2373.10051667314,2322.69225752075,2179.04834296804,1974.60651383155,2860.25952253714,2059.79276017245,1831.17886025261,1571.42944714154,3129.6953368437,2934.43730413861,2351.04877134521
2017-03-31,2775.75423639565,2272.32436166239,2480.46128088074,2203.01108243133,2165.65141875548,1973.45979165774,1976.28568898386,2425.97022031248,2021.5744278353,1530.57631784784,2440.43167755305,2095.21480648403,2196.72627589999
2017-04-07,2400.89394988077,2501.96273345704,2226.19439329313,2330.83199194057,2114.75175174176,1972.87232157238,2999.35774681202,2049.08645878511,2293.28876014554,2009.55425623055,3044.22612664776,2917.67151096268,2405.05766678911
2017-04-14,2078.3074593604,2221.5934401381,2188.68125232978,2163.66867353127,2123.31224535027,1974.70278472876,1956.27847067522,2601.45787011912,2740.86402809041,2468.23555942144,2453.4685238781,2125.33454165474,2257.99207077314
2017-04-21,2650.23599589015,2153.02151305271,2035.19087254503,2078.65727829738,2079.91250105657,1957.95396742852,2598.79083391279,2040.35413966757,2789.42433920478,2256.87809908779,2981.78900191228,2695.04696026592,2359.77129186012
2017-04-28,639.852247991228,1866.61069178866,1936.53294710006,1948.98262616772,2029.52934089156,1964.20169467513,1576.94512321787,1923.83356199929,2430.98524215197,2091.75898152944,2057.52398373786,1614.406877263,1840.09694320948
2017-05-05,2607.88440378735,2089.13751451778,2045.34792274233,2021.8429282492,2020.23735421392,1959.05810591964,2415.80744069828,1783.83816809592,2822.92590104508,1886.81684831872,2541.34406922277,2454.38275279437,2220.71861746711
2017-05-12,813.121368706219,1853.37778616889,1896.726705689,1865.59354580455,1962.01210444757,1956.22239414293,1212.01176203545,1721.89261754324,3040.4564424261,1777.85276077255,1521.84907267302,1254.71168187541,1739.65235352374
2017-05-19,2330.24886614715,2142.83491987459,1965.37737719166,1986.83552974562,1918.52080634921,1955.64564677248,1934.74148837143,1951.94860708002,1475.3961078647,1797.60882083563,2075.30382762217,1929.62466128119,1955.34055492799
2017-05-26,1701.83977383077,1990.41833925722,1987.86116577665,1811.80905141174,1937.68713044223,1953.52232712397,2112.46371404444,1941.41327041964,2509.05160163657,1953.14188787336,2523.63493074399,2170.89039002139,2049.4777985485
2017-06-02,1934.6066172309,2108.43625396728,1845.89002561706,1911.89521531158,1908.78621969323,1946.53325196165,1616.25983162228,1818.63174483702,2637.40304629619,1992.46735275268,2228.14722859845,1859.73690735721,1984.06614127046
2017-06-09,1398.79342725345,1697.25951007914,1887.59400620357,1766.4678655853,1913.95414234451,1934.80868756707,1354.87981913347,1793.6177739716,1855.28448413911,1829.36243255571,1693.88270872692,1512.46037988666,1719.86376978721
2017-06-16,2287.1624604609,1732.89896367238,1845.40352812181,1994.37226736757,1956.74479456633,1934.60419171477,1953.28670524151,1585.02696216113,2261.82426863838,1706.5707010054,2198.44525745557,2000.27643581608,1954.71804468515
2017-06-23,1311.59100654996,1627.62315882241,1927.38845236181,2018.34959519225,2012.74356279805,1945.7900008595,1947.78305405927,1926.26571033765,3073.97561328003,1652.69415893742,2146.30073094825,2115.82316538395,1975.52735079421
2017-06-30,2407.15705211822,2017.21268704541,1975.76896504712,2066.67087826473,2069.53244964033,1950.73835833972,2022.97828935806,1917.90528205108,2535.34254454478,1878.12596242606,2296.96348867698,2102.06919235068,2103.37209582193
2017-07-07,1691.88059546926,1897.25843549996,1873.24316030886,1988.53425921364,2097.84915438621,1944.92318484292,1218.94492692672,1935.71394306472,2120.2053305782,1847.48225390604,1507.02135917691,1300.97986285274,1785.33637218552
2017-07-14,3335.59929084587,2043.94252463258,1907.74432069962,2106.42618337436,2146.63464290402,1940.42377075746,2526.57548367828,1905.67886957258,2277.93932077698,1930.7165827317,2761.30730243933,2577.98784537883,2288.4146781493
2017-07-21,975.486757671771,2105.5056461339,2150.88620378697,2096.13225994083,2139.39239804706,1958.39854072786,1448.97809533289,1863.91934490021,2165.17933082265,1876.62834478629,1639.83220092636,1458.755869215,1823.25791602432
2017-07-28,2022.37571540882,2251.71247634226,2466.44355344601,2245.7114308275,2101.46947079704,1961.92592751725,2113.14581621617,1927.07923800809,2609.8287786201,2010.06453693835,2283.31220894551,2142.48420275604,2177.96277965193
2017-08-04,2429.12054635598,2280.52395563861,2435.48847951982,2157.58401091141,2103.28632541509,1963.79778349077,2351.72232371486,1957.6055226188,2720.06898546547,2481.97244558106,2546.04004040285,2398.34653594116,2318.79641292132
2017-08-11,2640.01286704611,2475.40517398242,2158.48842534898,2246.7477051469,2064.23944662912,1960.62098363896,2430.4259890515,1906.92749296174,1350.67331979782,2540.8044352779,2696.25939720294,2564.12453924089,2252.89414794377
2017-08-18,3670.66939693635,2176.44316498341,2013.18188559123,2060.68214582946,1982.03959362197,1949.8829947197,2524.4697405332,1836.21170800252,2148.80917186794,2272.75704863469,2777.98211511542,2708.02950828343,2343.42987284328
2017-08-25,2029.43506016041,2014.57012941358,1927.21995180579,1947.95059518249,1898.75359971548,1942.70647561699,2285.98680962116,2086.82127596816,2076.00857368538,2189.28339357502,2440.44919041427,2385.82549171147,2102.08421223918
2017-09-01,1007.53627298979,1934.03845204994,2083.00199164284,1906.29462660335,1923.02212465177,1959.21165464923,2075.38131491347,1898.24335083235,1952.23694178548,1891.87221486751,2149.7202060576,2086.62526151779,1905.59870104676
2017-09-08,3002.10575879257,1835.67963262016,1968.05185846111,1853.75804871381,2007.19613756189,1949.58551154489,2037.53632944007,2059.83260588828,3012.72585368443,2054.08017735855,2482.35893644646,2157.44128865479,2201.69601159725
2017-09-15,2525.345913064,1585.96144551652,1516.09102595714,1761.84312602249,1960.25527384159,1939.38964702874,2221.68584105793,1991.38700276688,2009.21356737287,1765.53839636052,2262.95122037412,2137.04593920945,1973.05903321436
2017-09-22,2666.09369731824,1764.00879149165,1563.2073893477,1823.98192508548,1922.1298661915,1951.93635286898,1636.49417600562,1967.88234492497,1696.26477434854,1890.45817550145,1681.61388147317,1623.35494059379,1848.95219292926
2017-09-29,1326.99236831156,1889.61737018324,1794.25421247831,1783.76005913939,1948.55133790996,1964.33034757707,2055.20771974893,1890.99886134566,2175.38539805642,1942.0309510779,1847.49908191171,1873.16550680863,1874.3161012124
2017-10-06,1316.57734917572,2006.1259725075,2017.74880651334,2098.63197104745,1981.15591429942,1982.16466587425,1500.32263033895,1974.00395925778,2350.89448108516,1734.33705038051,1528.24548168931,1499.47181520187,1832.47334144761
2017-10-13,2436.65017228784,1881.10774025187,2350.15770115633,2082.3931197277,2059.62172468502,1981.79441382074,1892.83666382973,2279.37636938309,933.214572892641,1721.24891944845,1922.67647449022,1860.45267851998,1950.12754587447
2017-10-20,3040.19256117794,2394.25048923053,2261.6100297275,2136.34526204969,2054.76053421587,1990.37498813646,2168.02998391969,2478.22170828258,2723.46025563244,1873.29741350191,1949.8951700053,2066.58574353618,2261.41867828467
2017-10-27,1457.45930539731,2572.33267409181,2201.99975483762,2220.1999667937,1967.79930727239,2005.2728892944,1704.45387699426,2155.33290253385,1922.054183556,1973.72064160091,1651.40046592272,1617.16755622143,1954.09946037637
2017-11-03,4226.70282979823,2612.63684899043,2454.67816100345,2247.71698192131,1990.37951010142,2018.48679441353,3190.19106055576,2169.36902200667,2588.23648527308,2015.58781040043,3153.20149190983,3126.83991182524,2649.50224234995
2017-11-10,2322.75935378864,2193.2395776236,2234.71968969182,2115.325478926,2057.24600020875,2026.73603538381,2641.42328720743,2155.9933389136,2474.09943490496,2000.68200444472,2656.59406731267,2592.4687181562,2289.27391554685
2017-11-17,1388.10590295404,1999.82322557184,2011.81430218651,2082.72149537686,2095.05429235075,2022.0557535542,1655.05410683729,1975.52688130121,1114.30682288434,2338.32592423036,1713.09004815341,1803.40913659477,1849.9406576663
2017-11-24,2060.38110969485,1557.24809755152,1991.15128336033,1993.99158495881,2089.13988463472,2012.61468515876,2067.10486986942,1751.70543909252,2192.63909996383,2280.03695955919,2034.32658722067,2091.07118122593,2010.11756519088
2017-12-01,1129.55990845985,1711.7908537234,1761.65728816399,2097.39197376851,2029.02381716615,2018.72563218722,1242.54864795607,1687.39679565204,2153.54299353636,1690.03023984512,1139.17081678734,1140.52594683078,1650.11374283974
2017-12-08,789.025639120877,1741.3223769105,1765.01234010952,1973.40440770512,2072.52986603109,2015.88063473433,1514.96054018523,1609.48491427507,1324.76569336647,1691.35177630659,1481.48141966406,1459.8716730304,1619.92427345327
2017-12-15,2468.93881611855,2081.79956214681,2113.81773795078,1994.95712828632,2105.46023570478,2027.88330417604,2094.82830507821,1744.46003495045,2674.68931324139,1455.65751143976,2056.55113074006,2017.57534981717,2069.71820247086
2017-12-22,1860.50531818365,2264.40562479377,1978.43304862609,2042.07811880522,2060.09014999726,2028.13617034673,2296.76860808159,1900.86553855767,1476.63379111401,1411.60262351392,2310.93012351323,2241.62373856177,1989.33940450791
2017-12-29,2104.90746944352,2274.4907122508,2096.65605625934,1970.15322536241,1996.49330153905,2017.70681608877,1802.20658781954,1812.78627611342,1431.90805329714,1897.68814436487,2003.66852138306,2042.02779514845,1954.22441325587
2018-01-05,2549.18111266295,2198.06681281851,2239.08278272586,1973.58141973384,1953.19311437615,2016.86681092634,1863.47394059935,1980.16952993962,2631.32419049727,2160.12657693316,2010.35264976954,1869.7478616596,2120.43056688685
2018-01-12,1479.45291413183,2064.52567655226,2144.71012481055,2050.68426131225,1982.87688093369,2019.40585630117,1741.32053397613,2209.74729441107,1690.00434544826,2048.43355364215,1700.71991865023,1661.29760351412,1899.43158030698
2018-01-19,2824.36060679914,1914.50908042193,2129.75663175964,2146.4882997478,1999.95726580109,2019.28403185999,2889.28756630307,1988.00987206725,2155.31843092432,2664.75680714512,2933.81835122841,2964.46245363948,2385.83411647477
2018-01-26,2052.26750426779,1779.28382910356,1913.73543363917,1949.07899576101,1902.89056555498,2016.62528874868,1770.97051012082,2222.0907672249,2384.48893952124,2907.16650110026,1865.34323993892,1939.82634628059,2058.64732677183
2018-02-02,2202.91984577711,1799.25904946077,1515.91160316942,1704.43943613948,1810.19845452302,1992.31771716853,1652.96066808613,1632.43113849819,653.930598318605,2193.46327568366,1584.29693731385,1818.55761394313,1713.39052817349
2018-02-09,2495.50816839694,1452.34149558659,1469.56839142431,1633.25204913287,1831.58447071967,2001.13564190539,2244.5161863156,1980.5949787432,2433.73271828563,1836.23627566807,2134.20068397187,2174.22728522948,1973.9081954483
2018-02-16,2821.50550686372,1328.61067140541,1418.9648721063,1535.93415922256,1833.5379386352,2000.89716906229,2211.53695163141,1699.32331485606,2016.61360181824,2059.79555114289,2121.26019563431,2228.08116113135,1939.67175779248
2018-02-23,1046.28327281669,1065.80975713109,1365.17368098825,1458.98128014857,1770.81366785011,2001.83515446467,1443.40562491372,1730.23483505375,1908.28252816838,1996.12064514236,1274.26798727892,1441.7219033535,1541.9108614425
2018-03-02,988.848409468924,1303.4559328211,1468.45100193566,1704.88524684325,1699.18832059911,2003.66842753957,556.091095613757,1689.86067428548,1856.89268031922,1657.19554820375,370.990670609917,500.52459691364,1316.67105042945
2018-03-09,886.879079827166,1555.93240172347,1637.0503247668,1647.09939777602,1706.66217410215,2006.25491744756,1897.17314377811,1759.28021303132,1912.29908851072,1593.6591284253,1580.72058834582,1677.99818805027,1655.08405381539
2018-03-16,1900.82931588704,1898.70982002952,1783.38951905399,1699.38697965004,1718.81539098227,2011.87298529473,1329.14066088466,2113.19907780285,2794.27443909094,1960.54838015176,1060.34751409516,1406.75442882251,1806.43904264546
2018-03-23,1902.02436201645,2108.3331461075,1869.02860117204,1686.57279077193,1753.12388824192,2012.06917416701,2349.68494884095,1999.62631190949,1002.7643701611,1744.00822403642,2181.54253441074,2213.72848270616,1901.87556954514
2018-03-30,3121.41771826492,2376.06887961929,2040.21749880961,1866.10224674497,1765.21909554915,2018.02997484944,2881.30332905299,2044.02898598399,2195.34569538656,1767.3929613905,2808.75692552495,2915.01206021872,2316.57461428292
2018-04-06,1591.43104931164,2056.32085996937,1993.52698443949,1901.03085067068,1681.25375423269,2008.90302106858,1859.42295608242,2091.76013771976,1331.39848494617,2412.24923381184,1826.05359717807,1952.97268662971,1892.1936346717
2018-04-13,1527.89763983428,2030.98808240148,2106.87186704357,1946.07660223012,1658.16937508926,2008.66805312087,1770.78832343494,1979.89722012914,1910.23784153502,2038.0642929091,1677.18707496023,1772.14142795124,1868.91565005327
2018-04-20,2818.96934676548,1871.96669614926,2044.37221683332,1952.5524489049,1719.13222321272,2001.26992550337,2749.67167205529,1913.64140394802,2022.92650620368,2067.74265941119,2643.18529767411,2715.52433307599,2210.07956081144
2018-04-27,2110.85401006856,1834.44408005582,1787.27826862754,1915.32917456648,1787.92200028432,2004.183130743,1359.06846266591,1576.98154238007,2600.90334745947,2032.39363547602,1244.48573042572,1359.71398359465,1801.12978052896
2018-05-04,2234.24567412342,1688.58797726296,1617.11622857235,1644.31056274054,1811.76796297247,1991.60985486116,2446.14889705171,1831.8506950249,2565.57091746599,1805.67984499913,2390.7360130458,2400.30053234982,2035.66043003919
2018-05-11,2153.47393717036,1696.92505539519,1604.64666732534,1640.26590975298,1786.43793534521,2003.10057759923,1398.35316118181,1987.71397982297,1811.48265441255,1926.65500726595,1331.89123797238,1439.409968738,1731.6963409985
2018-05-18,1350.09350958193,1297.09402529606,1393.11373431399,1623.38943438468,1792.23684431861,1989.18964237474,1845.75604925274,1704.16831241593,1784.64454679517,1703.07712101083,1704.575725844,1793.43548620014,1665.0645359824
2018-05-25,794.41415461146,1219.29460177128,1565.38820651443,1600.66528592998,1770.12483959335,1985.21502137261,1045.01872223718,1997.91595842385,1723.2527360881,1901.78128607826,928.127624877845,1054.12002929002,1465.4432055657
2018-06-01,1123.97956516255,1357.2115343664,1550.72341483093,1611.14184698411,1756.67416257384,1983.15864826016,1561.7579764823,2077.72677081497,1784.99168581998,2022.43399989296,1592.54025829724,1483.35475256872,1658.80788467118
2018-06-08,1690.7799100825,1815.49567046824,1765.12754137825,1793.33077792619,1851.33577148381,1999.04420163071,1748.35724583859,1991.83334898202,2155.88670460924,1968.19107112911,1511.81322800299,1532.026464717,1818.60182802072
2018-06-15,2661.94561520186,2074.93709165703,1823.85304056697,1874.97922366118,1920.16452319757,2007.70756799966,2676.14205857738,1976.54373437696,2568.45606260038,2060.21096630599,2540.11160601601,2474.03369683129,2221.59043224936
2018-06-22,2113.49981169321,2267.04356951275,1985.88675413803,1893.16997688116,1923.43288556606,2010.73969785828,1676.54349080255,2283.14276089561,1660.51465579668,2090.05740925419,1325.58743956479,1688.43929201002,1909.83814533111
2018-06-29,1769.71716057871,2318.75007148679,2067.23932850237,2034.66702818136,1963.27195238598,2004.84629373806,2095.33519907655,2185.95696637713,1555.05695800284,2032.37605209494,2114.03253202486,2060.74043515461,2016.83249813368
2018-07-06,1170.6461811048,2221.14860330615,2274.23206064868,2175.89879397367,2021.59791898853,2012.48245285987,1402.02832599187,1960.24836734074,1862.64978671372,2027.49042233886,1196.10197205104,1393.01150127618,1809.79469888284
2018-07-13,2646.22570724269,2066.83260722825,2442.96909091173,2161.47493090094,2092.04484022717,2008.55816678956,3034.32215679768,2095.74969187818,1994.54935059088,1987.7324299297,3012.52525965756,2969.0224470899,2376.00055660369
2018-07-20,1973.80232621227,1993.35603016724,2276.38510398413,2203.39003498444,2116.02209797138,2012.87576705394,1386.47803928669,1961.25677351449,1596.25847342645,1995.42041311484,924.117011694913,1448.44050985311,1823.98354843866
2018-07-27,2024.24017497607,2216.59242670334,2029.57512109329,2365.89456664334,2134.22821250869,2008.03346398497,2189.08190952158,1963.41259347916,2486.59430257762,1979.95095973443,2380.74337911661,2028.33438955575,2150.5567916579
2018-08-03,1880.34621345243,2251.72726530902,2227.59527085081,2374.26701876068,2219.09805095526,2017.27599387013,2186.14885471853,2216.85838578731,2028.31187319463,2346.21374146925,1838.08087405257,2132.73453666016,2143.22150659007
2018-08-10,1108.43995380708,2307.16175417428,2280.37898366938,2276.59507760245,2295.19892859073,2017.47840206809,1861.95364935829,1995.10792441821,2847.56182010192,2312.19758140775,1889.04652400523,1848.15211997799,2086.60605993178
2018-08-17,1622.71362761305,2380.51691674838,2438.70308572187,2227.11097580866,2442.75849764087,2017.47560241903,2628.49445012554,1874.15119379948,1700.06023215009,2309.6214090378,2671.5730801492,2634.54532353415,2245.64369956234
2018-08-24,3388.97226638372,2640.82250813778,2519.22607337598,2442.99435212485,2534.99564067702,2024.24704008133,2750.22962300771,1784.4489840952,1722.83248467585,2334.58031504095,2430.54144074653,2734.95579237134,2442.40387672652
2018-08-31,1659.07766091153,2459.81176351485,2291.79225463644,2378.39550536752,2440.35539980582,2007.06922032138,1344.84796326289,2023.6164406153,2006.16294777509,2191.54613428131,1101.28829000419,1366.4492802078,1939.20107172534
2018-09-07,2079.37135078229,2604.49487711497,2484.31190325849,2382.04259399695,2377.98187151476,2009.00316677171,2614.132203022,2069.11673415399,2240.56253311025,2225.65230515032,2947.87035642221,2570.17183395688,2383.7259774379
2018-09-14,2488.30546514379,2325.35233455894,2441.64127697901,2459.98388566726,2355.63893017157,2003.22033575615,2256.70135945568,2003.22304686588,2066.30457594491,2153.01550350828,2261.8568718916,2496.17164786136,2275.9512694837
2018-09-21,2985.10706317305,2130.63497749595,2254.72417050875,2492.63457732396,2315.92385287092,1993.39431599077,2718.61535203182,1958.52284849434,2713.85078145295,2054.55006575004,2841.26910980979,2839.52595122274,2441.56275551042
2018-09-28,2370.04634396202,2197.78443925824,2543.72357799793,2421.69797895687,2339.0822875433,2011.73733146334,2011.27466178292,2029.44977991785,2227.95794551798,2412.64446259311,1965.41231162078,1891.14546173383,2201.82971519568
2018-10-05,2123.78526060475,2299.23951897086,2474.7939279319,2469.73234653845,2325.97315915145,2012.09648015523,1892.35453602995,2032.71559112987,1740.56339574991,1941.56280628597,1827.75883591269,1756.04088398673,2074.71806187065
2018-10-12,2589.20691741845,2481.30035174504,2381.31257501308,2444.23899827872,2347.23959991067,2024.14114725579,2644.06125285937,2033.89113088124,1761.68734194927,2297.07306276031,2602.02621688582,2537.27993355146,2345.2882107091
2018-10-19,2761.14619161709,2701.96237847976,2369.50793729475,2263.68440956299,2363.92079280342,2029.43879192191,2834.51200655938,2735.51256220517,2036.32129683321,2360.23083998125,2898.6697724373,2896.95395015892,2520.98841082126
2018-10-26,2354.89931772263,2543.97407275786,2171.32266992285,2115.21237339255,2284.89326299681,2026.03302642926,1827.63942561714,2416.7763040903,1896.29711871734,2334.26888984969,1877.00905048355,1899.98913234504,2145.69288702709
2018-11-02,2581.05440776739,2310.10051761486,2284.46731867426,2164.27977023162,2264.79505807661,2027.99365714541,3557.3187599687,2383.09331799392,2187.98313456057,2305.81805668321,3667.01865581452,3413.45460291155,2595.61477145355
2018-11-09,1500.63005350356,2080.2366132486,2203.1749224182,2076.34897541062,2138.37414301846,2023.67315404137,1601.76180060772,2095.8852340068,1466.58174023707,2223.02248933616,1459.03762252686,1869.79414268304,1894.87674091987
2018-11-16,1876.10234545694,1857.23097878225,2042.87305251808,2182.03680339845,1996.85235783956,2014.70510729042,1709.68484004961,2037.70120731263,2122.87205230814,2095.11199416496,1705.84741840155,1652.96486886885,1941.16525219929
2018-11-23,2876.34475174839,1795.28671495692,1886.75731969659,1961.45436193771,2013.43318193127,1999.81885073356,2433.79856467936,1856.18963734137,2066.38830975976,1858.98869077382,2493.18626918636,2477.83387296395,2143.29004380909
2018-11-30,1881.17772826106,1912.59334165841,1730.09848108702,1914.23120491971,1985.10719270334,2010.41174805918,1485.91408027322,1879.46159579397,1960.27470589765,2048.09812775462,1534.07904650189,1514.0877914404,1821.29458702921
2018-12-07,2433.35406395064,1555.07486116129,1730.80910643192,1805.52811301513,1939.83939534648,1999.39203644723,1573.78615122399,1725.54952453941,2216.82171060683,2021.58802753403,1572.56912580068,1602.87169107485,1848.09865059437
2018-12-14,2150.35186433315,1747.39444375448,1859.21177726056,1770.2179895114,1899.45880841676,2006.5474425617,2387.60902405323,1922.92572776565,1519.30477941943,1856.96955039275,2273.22570938987,2291.98638699754,1973.76695865471
2018-12-21,411.300625375602,1608.24436170064,1705.4389276845,1841.23661937232,1815.57164252066,2016.05821151596,1038.42088905709,2104.61905500882,3502.11341607803,1941.47585426811,991.471702190874,1080.97744295232,1671.41072897708
2018-12-28,2483.35201440816,1815.97074305421,1921.56346565867,1872.23169522064,1792.29339828478,2014.18249270946,2367.1233392401,2037.98237054582,1983.98669453584,1924.08917026336,2242.26714483674,2268.66410871682,2060.30888645622
2019-01-04,2259.93897412096,1829.35282535964,1718.55273032396,1848.73848851497,1788.63454347947,2020.60638727679,2502.86235064822,2071.27469759264,1120.44193375115,1804.04650442043,2399.56419734607,2388.84113160655,1979.4045637034
2019-01-11,1116.30946856985,1973.28254568117,1892.83337561225,1841.38440756517,1786.85878480693,2021.70401615288,1280.40949946762,2051.75565697928,1958.66557206576,1647.00421184017,1252.12254685762,1268.94154474641,1674.27263586209
2019-01-18,1499.98240592661,2101.87001198275,1943.53029524419,1675.3160256628,1828.79890389247,2012.10472900086,2187.37314059242,1924.30145225633,1960.00889282015,1475.48443215029,2151.98772179245,2138.97474019611,1908.31106262645
2019-01-25,650.879048884309,2222.56448409766,1980.42840715161,1868.54521310715,1779.77501119811,2015.09444901826,1256.87668935996,2050.10888511136,2014.15119388907,1573.32439011298,1289.21586375409,1324.07620538868,1668.75332008944
2019-02-01,2686.56702342791,2091.4611943955,1966.63160973002,1888.72592494186,1834.1511042788,2005.58623446048,2470.79807602378,1824.78368733008,2165.38699041248,1768.19788529951,2509.29104447475,2449.86277045056,2138.45362876881
2019-02-08,1439.12096077056,1946.83497098478,2006.49904666589,1870.99820674926,1877.11585566548,2003.03398757811,1955.61749917952,1940.13704208674,2170.59822931786,1891.09803447607,2043.77374154274,1973.31840899421,1926.51216533427
2019-02-15,1954.53460608678,1978.25535687668,1791.20601370972,1949.64384503079,1808.33784350837,1995.85020152744,2251.62402482531,1759.59067748519,1951.77961115222,1819.98182646758,2429.86982628463,2386.04800044587,2006.39348611672
2019-02-22,1952.1647620244,1685.20082869614,1952.89185810122,1947.91665444952,1843.39729435287,1991.16802967846,1423.70220430963,1631.90219735936,1911.58444408304,1889.26724998747,1580.38603100181,1517.13428582228,1777.22631998885
2019-03-01,2073.83305884771,1469.23012487888,1651.24603384532,1774.48397182127,1866.27519603723,1964.81045990276,1413.47336944021,1495.54689355463,2172.93892481122,2023.16805425037,1578.08301913266,1544.94400993071,1752.33609303775
2019-03-08,708.736816167685,1489.88146351241,1652.46042915693,1789.03952625789,1905.66159148052,1973.87090072317,824.990900966123,1625.87660270998,2289.13133476664,1932.83169349313,873.912331191558,814.667939222618,1490.08846080405
2019-03-15,2483.257845961,1673.0723167737,1840.67372531525,1931.79762234413,1954.23882780512,1980.26553578948,2281.95874219872,1685.47290986657,2203.0516245231,2200.37300256536,2254.51558814352,2204.64934694008,2057.77725735217
2019-03-22,1577.91686586382,1884.71511551705,1923.52047691351,2055.45151171481,1948.03288298153,2070.41652550801,1936.95181532763,1991.7798841007,2033.33790286389,1735.1118960316,1855.53324259137,1762.0574851457,1897.9021337133
2019-03-29,1592.90682855883,2167.77452650595,2077.98268965554,2033.44115307194,1942.19314324988,2007.14076467924,2407.60540276095,2367.61696584138,2527.25895287306,1817.03254819197,2442.25100850749,2364.69672845834,2145.65839269621
2019-04-05,2387.78337926471,2618.78889415687,2328.19724192745,2036.96057880025,1954.24640641716,2024.66424474947,2097.79595309455,2374.53736022042,2095.31517280609,1554.65236122459,2147.27140504407,2024.1802548942,2137.03277104999
2019-04-12,2024.28099870032,2540.59099410751,2167.35396717769,2022.4425506493,1958.3899982263,2016.8073631738,1899.68579104896,2261.75208405898,1987.72567119107,2060.68654581953,1977.62076995544,1823.22130875984,2061.71317023906
2019-04-19,2325.35844772869,2562.7519732021,2269.18801740871,1939.72311044907,2013.12567013603,2023.16666092009,2643.81568724284,1963.43746042683,2193.93841486711,2135.07454546616,2758.65651758261,2610.47471595818,2286.55926844904
2019-04-26,1443.43408799554,2202.92639381465,2085.04874196349,1950.77388802645,2027.4579368154,2020.07458870073,1611.34765276695,1930.0259591579,1990.1528644119,1927.36429505268,1853.46966981748,1786.74972254318,1902.40215008886
2019-05-03,1759.50040289569,1919.87439830462,2026.5162408548,2217.81854110222,2028.41717914159,2015.80160520961,2042.03510973761,1989.42684995363,2099.04048148916,1234.82793588868,2173.39568820843,2037.15724918664,1961.98430683106
2019-05-10,1168.1857109734,1538.21141268891,2052.01495763113,2209.17806550334,2063.20821706388,2009.6693929454,1608.83276197464,1169.53584220137,2479.20296404653,1298.44990734854,1806.79863726687,1693.54865700372,1758.06971055398
2019-05-17,444.577040687361,1795.12569885102,2110.32485329214,2152.57147454467,2061.29731020297,2008.70138050205,888.04401785602,1553.84552404861,2099.2259608843,1463.76463244856,1106.47095643788,950.187229706403,1552.8446732885
2019-05-24,2061.84265607972,2187.12667982174,2128.69688544211,2223.88135276601,2168.6060657978,2016.0223989408,1619.97649229987,2037.67926637954,2092.15098233093,1551.83809078407,1776.70502966975,1670.71850037204,1961.2703667237
2019-05-31,3389.83513707389,2485.68126282132,2154.95408686449,2283.49645481585,2292.85448106318,2026.77667315588,2532.58260693446,2232.78891072311,2384.19600978078,1385.25031472658,2647.6558690993,2589.21960127177,2367.10761736088
2019-06-07,2854.80556900287,2489.72777073421,2246.71532494734,2179.12995185883,2348.94535443087,2042.82578047186,2390.33226045937,1977.54628272372,1921.28026937959,1713.280219639,2588.84432273919,2465.0564376866,2268.20746200612
2019-06-14,1697.25785673687,2530.6066061172,2501.05588094614,2269.06035243541,2360.56290748124,2057.16240975584,2239.32534077047,2048.87441575981,2065.52322490918,2262.14800169993,2421.28568803445,2234.93042682025,2223.9827592889
2019-06-21,1710.34888886697,2581.2220147416,2590.01787527588,2477.6676103664,2380.51613197718,2075.08226907474,2012.98916887087,2123.97545333186,2022.16766324003,2446.61104921592,2168.86538692857,1970.47825269398,2213.328480382
2019-06-28,2054.34495277851,2205.84681931942,2546.98546949252,2498.07430579804,2421.06729508985,2067.62760377349,1932.67314296178,3184.40090411555,1885.49031058784,2366.10738822468,2168.4591560119,1973.86762842866,2275.41208138185
2019-07-05,2049.33512043574,2254.23579290203,2341.97698298168,2404.63926087705,2465.32739747162,2066.13489703151,1638.23407995293,1959.29302627997,-754.464223641141,2093.99245183534,1887.50142901354,1696.17638222761,1841.86521644732
2019-07-12,2134.30129619745,2311.06713539644,2117.44289004395,2359.87792827934,2472.33685179263,2062.24698261863,2377.80881097064,2027.70050871895,3246.81106662473,2016.18937906275,2642.79141692289,2450.40642824086,2351.58172457244
2019-07-19,2823.14535836023,2219.91284878253,2197.47551332523,2389.45463973255,2418.22229122389,2063.54834878403,2252.4629320796,1949.60875105929,2303.45839607078,2031.90554802854,2562.14308962676,2439.8273141205,2304.26375259949
2019-07-26,1930.24345015629,1784.25441465131,2171.48481781234,2146.37317298818,2321.35004778665,2050.56234738988,1859.88438666301,1704.98060772898,2210.64525005944,1872.23053004083,2126.38592779647,2014.88668438253,2016.10680312132
2019-08-02,2040.06830090257,2035.07336516094,2183.33307753157,2179.71922146197,2278.46259373889,2049.94394965653,1921.81755965911,2199.71924967281,1721.22908713387,2210.21669911064,2120.49703846879,2001.52273454032,2078.46690641983
2019-08-09,2405.93499503851,1981.19388020004,2117.17170259245,2197.18061740942,2371.98108631637,2117.31500344212,1851.47177164645,2162.21310362322,2345.65062605183,2268.11292025033,1959.81149818126,1812.57308705762,2132.5508576508
2019-08-16,3364.44535505635,2067.10680100058,1981.16777159977,2194.92695302179,2408.43037612252,2063.09989216798,2631.93587595234,2150.72316528658,2404.74296082988,2268.3120336058,2693.83102048532,2547.66412866114,2398.03219448251
2019-08-23,1883.55943611766,1903.12486827459,1919.95650903275,2121.72446940648,2339.14704036577,2066.36845653904,2554.03189866386,2354.76779237034,2237.89719573064,2333.70777644976,2710.22687108729,2642.54775313321,2255.58833893095
2019-08-30,2197.47014362299,2268.37500000087,2259.29555752435,2274.47767400883,2288.16207593116,2078.69118398257,1888.75355109093,2111.34407531723,2113.74459913769,2465.64034857929,1977.57392115186,1932.34335160699,2154.65595682956
2019-09-06,427.709413623725,2225.73258888899,2270.7054214129,2237.82681281983,2302.1427648214,2064.18018799507,1288.04633958954,2090.67003668876,2110.51076671053,2349.40340397211,1352.3619636149,1264.06761256002,1831.94644272482
2019-09-13,2017.45138121022,2357.75477430151,2459.80540742969,2331.2090755725,2308.40331483133,2061.06478097432,2186.01206706019,2513.7298672415,1160.44317138882,2317.21739987763,2337.85678605754,2262.67591183737,2192.80199481522
2019-09-20,4408.91036555584,2454.62172916706,2452.1265213791,2285.22077384727,2262.14002989983,2060.80674267035,3679.0881458491,2414.76575581045,2218.32990154992,2311.79816625515,3834.27078580569,3729.61250626243,2842.64095200435
2019-09-27,2708.65159138823,2393.88624962071,2086.86353273169,2177.39128913392,2116.16824463724,2039.95115382873,2222.01724153503,2064.27184059023,1669.46084821713,2068.21901616867,2516.43095095864,2529.66528849635,2216.08143727555
2019-10-04,2593.74048944127,2065.27252834999,2077.46777436538,1989.01994516542,1928.36164103046,2023.97408669876,2136.92668777192,2081.09348432897,1913.56230250315,2457.06849472752,2296.90767843332,2341.06606553754,2158.70509819614
2019-10-11,1884.99734416399,2009.10147978489,2133.44526175138,2095.25690332892,1890.38926374237,2029.08979960362,2269.91445727162,2522.30042462053,2016.21003324331,2507.43495885015,2228.20384356612,2228.39072075397,2151.22787422341
2019-10-18,2202.99262110382,1650.11194141541,1977.93099591874,2023.26998092995,1962.21502957082,2023.66015690179,2403.94687668967,2100.04764675425,2102.31130395917,2457.73299745658,2408.32187316662,2454.95055117714,2147.29099792033
2019-10-25,3145.77981574815,1628.78118372103,1798.36826244937,1988.71969083268,1953.61002314613,2018.5051614031,2723.86282213789,2305.04050018051,1964.00874821789,2398.17082060581,2697.29488958031,2735.75896899798,2279.8250739184
2019-11-01,978.654420790408,1713.55032269145,1531.16992981677,1568.57401007697,1767.4757439111,2000.71974040947,1573.46934880606,1943.14980477519,2333.91042887984,1918.41562906634,1659.92528209893,1741.73176201748,1727.562201945
2019-11-08,3271.97560178043,1980.23934135524,1530.72108862987,1618.26410807047,1607.85616868103,1999.38843416213,2343.58147564821,1889.92704087055,1650.11475356414,1947.36902061678,2308.07807929464,2370.55242612979,2043.17229490027
2019-11-15,798.781742984568,1547.01386473248,1573.88130852577,1460.65748458703,1621.74335409583,1991.98175478017,1361.39544538585,1956.26238370201,2024.26086706949,1867.15474311906,1279.96427206774,1320.07260553451,1566.93081888204
2019-11-22,2488.95871606116,1796.44859581754,1696.31557308699,1483.96432486762,1634.90027958946,1991.93983909064,2639.88731313507,1924.16361711091,2468.06961746681,1872.6288412546,2581.162075944,2653.29963410969,2102.64486896121
2019-11-29,893.238621500852,1486.27214514016,1758.05373805848,1655.28707187059,1587.29326632304,1993.92178115911,1331.20908376551,1923.00717400031,1919.67335392553,1889.07941238694,1288.82664125167,1359.03810050663,1590.40836582407
2019-12-06,1909.19152444041,2013.77858439767,1749.08957246471,1802.64858339112,1543.58035535337,1990.59819971835,2253.96237756158,1965.53628537173,2076.86314667885,1991.27926762226,2168.42676962742,2170.86632026761,1969.65174890792
2019-12-13,1711.67911816634,1809.07563141173,1730.01231415321,1637.43343645102,1510.72063236581,1978.68986888604,1763.30086122935,1677.10739929563,1984.85395045909,1854.91492875744,1854.73048835208,1914.2464777333,1785.56375893842
2019-12-20,2295.07197607112,1828.53915313379,1622.3630635844,1575.10937339809,1496.36134151952,1960.65870441081,1159.23853484103,1990.71612933922,1469.18096599073,1640.42110667144,1261.830559812,1346.99990679729,1637.20756796412
2019-12-27,2646.03449359114,1549.60030712262,1540.10112270041,1469.9085089647,1558.4606944379,1952.20747827016,2484.58396740463,1754.45388211755,1961.55509651244,1544.44938553724,2526.59992469188,2460.8012638313,1954.06301043183
2020-01-03,2117.02785641372,1432.74390233088,1574.88114183559,1627.33244190298,1542.85174118346,1958.3635437793,1781.91310986263,1599.1596962312,1919.54664071786,1597.79512303797,1992.78734009664,1901.66110591496,1753.83863694227
2020-01-10,1589.38925920633,1234.70521628526,1505.96380462007,1516.36993721412,1451.52719783728,1954.22276665535,1140.28153142872,1769.6491462056,1994.66976354629,1670.67146307092,1195.23198712985,1128.5407732847,1512.60190387371
2020-01-17,1731.97315508066,1214.48973993151,1450.59671425786,1545.70811172549,1458.00408691558,1950.47570612875,1530.86188243207,1847.73485033665,1947.03062121743,1609.67754097846,1481.96376368981,1441.87355651904,1600.86581076777
2020-01-24,1816.86081610136,1334.38980809682,1328.08946487721,1431.91088348698,1540.18062191026,1955.83563999717,1148.54416714116,1797.50899274846,1945.91273639632,1670.54467996172,1073.36067605562,1064.55756784666,1508.97467121831
2020-01-31,1844.7245927512,1557.31254985025,1248.40137807157,1439.64160372175,1627.94219938099,1961.80171211934,2387.25069931266,1625.41369676825,1980.61746506798,1736.50891393526,2141.23089062719,2248.16694621607,1816.58438731854
2020-02-07,1395.53472915332,1744.3942401657,1536.67422579482,1395.04625745249,1677.18241330321,1977.92437700826,1404.45287192757,1785.52722962233,2066.7951153316,1667.80630416352,1226.59985998671,1383.5004171224,1605.11983675266
2020-02-14,2030.56420219148,1544.76596225121,1519.56953147256,1547.2212566928,1709.06861597583,1962.57403894783,1998.83954734797,1454.84024866927,1899.06107111237,1467.42867339815,1815.63663371179,1966.44602001123,1743.00131681521
2020-02-21,39.2395569024393,1628.26969208235,1785.6859917249,1694.1265723411,1737.88059806156,1969.56758385848,996.71536616796,1885.4712729821,2012.85455308177,1552.45372564541,836.590438971735,969.872272710951,1425.72730204423
2020-02-28,2019.06475483453,1948.55801670902,1923.77832609356,1948.69741164036,1724.6501472649,1963.18034457379,2009.07810685219,1878.25916558421,2000.75221169975,1476.46910345237,1899.9124927875,2032.01761855012,1902.03480833686
