"date","snaive","ma5","ma7","ma9","ma12","ets","stl","tbats","nn","arimax","dynreg","stlf","avg"
2012-01-06,86.3757697834628,192.591497968331,218.712892612191,224.629956944048,219.163461520443,248.927478591037,156.152894775416,233.198285771667,225.95150208683,275.054551625612,173.233792056719,154.840432823197,200.736043046579
2012-01-13,236.791051892751,200.175780423788,217.843013652548,214.412064770402,219.690733723939,249.226048834335,228.307320414401,217.351545462752,319.184673115499,283.018211397891,213.189399635731,221.217001925307,235.033903770779
2012-01-20,241.688301084166,204.812988540541,201.37659548261,200.231151441138,222.394515639882,249.144844896499,276.09352476445,195.51198519992,333.7166850216,212.532418236966,234.296445331632,272.461268701272,237.02172702839
2012-01-27,320.116629041603,221.597050939483,191.937747293267,204.886387501476,219.527705518246,249.395396995775,200.398511572663,220.556390186351,253.103559196868,209.998348898107,177.866899623571,202.449412076294,222.652836570309
2012-02-03,122.071270284183,200.055325791213,192.406097824489,195.865091801521,209.118590900248,247.563393846393,178.41690966837,158.116948191489,260.28610645123,181.711051097963,134.222726180969,175.148878231056,187.915199189094
2012-02-10,142.748343682041,206.425741349193,216.388386441936,213.108135391187,201.256799488979,248.339398935696,236.292219116693,211.565493233699,233.641507944245,200.466596998775,261.713848761286,239.672145516262,217.634884738333
2012-02-17,175.155344384398,207.887871712422,224.023853744343,210.902383406474,201.751476567863,248.189403673535,209.980265094029,224.809619308276,229.594347733381,261.092750147196,192.328483887282,215.000806646998,216.72638385885
2012-02-24,314.889661415668,213.894491486633,211.087704242209,210.679622946309,209.570006039765,247.644991273524,257.037315740139,186.887188617079,287.381256982266,270.917068262865,233.089863500278,253.928580905576,241.417312617693
2012-03-02,342.81194465615,192.335500757167,195.630554637198,195.400355166643,212.257931119329,246.179661347042,196.336881193714,178.562305436842,204.880526363869,265.822363769028,169.949194378871,202.039530852656,216.850562473209
2012-03-09,212.003354843906,207.926885067133,187.510594434025,196.003376820931,207.57755270311,246.647608018146,238.269103695154,204.479502427905,252.448238946412,238.113078215329,236.638544986103,226.620787196875,221.186552279586
2012-03-16,88.7696663916835,216.738648296339,211.414375225352,213.139320572771,213.216266993283,249.188650222175,176.332535418381,225.699007744801,171.703500852662,226.909547584488,166.577119111628,165.955333693484,193.803664342254
2012-03-23,216.143300460265,196.918378776796,223.78662304329,227.801585263486,225.943806391805,248.272056198009,203.34493235036,191.248930956107,227.962995078505,208.431843537958,173.234547657086,200.559318059481,211.970693147762
2012-03-30,161.517590100672,211.450710031075,224.81117049561,231.488011387597,237.35884129635,249.489210101611,239.481491039869,226.735011095197,210.539955016484,225.93031945276,188.631755553411,219.36021738898,218.899523579968
2012-04-06,248.58807572619,231.477565272046,229.670010412769,231.153982693841,237.549446541094,248.45071812196,238.342849024963,176.722286936331,282.922519275694,167.04923200794,200.458569877497,251.09797352648,228.6236024514
2012-04-13,316.581234428169,230.910831314667,223.166287488836,227.252341012278,228.181762877985,247.265414091976,219.4188393889,267.871842168195,307.890149403392,255.19068746337,215.718863329563,229.280432203405,247.394057097561
2012-04-20,214.001732560998,235.573107703828,223.343399550408,221.473591068002,226.216800627689,246.393415098392,223.688466816436,238.587255477374,221.221749765621,259.162738377731,233.107575510873,226.922514047278,230.807695550386
2012-04-27,230.956760716133,240.78877791341,249.697591460158,228.419515123402,241.119613309621,247.760297600935,198.169164388753,273.27865441008,234.146766062166,287.382785241413,211.125478345769,193.405291935096,236.354224708911
2012-05-04,222.571491027677,225.073539688344,250.653857679271,258.05537731462,260.24581806543,248.774769562546,251.186553908131,236.956199372358,206.999994710471,245.012612051623,200.759625700732,225.854415401705,236.012021206909
2012-05-11,238.319892865124,251.504103384363,259.108824427517,282.319598401152,266.582993945316,249.946871024404,346.478811881699,224.240220175939,200.215883502204,205.863324750363,307.451030038869,335.60304128482,263.969549640147
2012-05-18,240.284947605683,273.091367783754,270.327327960691,280.726508362355,262.156016161156,250.733505122458,228.293367223202,276.993015222494,163.081974729371,172.470946999201,189.490116077504,234.090944259956,236.811669792319
2012-05-25,261.057697126142,285.873576598178,264.327644812841,262.602931502038,262.049427830307,247.818623666955,212.972603796166,281.156320023823,260.406227627582,187.500966949928,175.354871320209,219.940872835841,243.421813674167
2012-06-01,315.800964187884,298.282257539323,277.40944587422,259.165057285866,276.012925501564,248.970412713153,320.733323639604,333.458993214345,268.167234695444,272.47189399855,268.786739884938,309.974586102548,287.436152886453
2012-06-08,394.65132458349,291.209338318867,296.838692364516,277.314503785557,281.777137512467,250.159930891322,311.825893361418,248.244512465108,235.523251842281,294.434370725674,279.215097644937,307.971940878915,289.097166197879
2012-06-15,295.258109323598,275.608720547822,285.759901905937,272.459254964195,276.086729996033,249.723675352623,290.102709442136,262.285414959371,267.283936481272,325.953752116253,270.745131176238,286.228997827943,279.791361174452
2012-06-22,179.106005622201,265.99380038691,277.920283129593,284.544789381062,268.581409083358,249.604374636711,225.255742089438,309.566228751967,195.843955997886,309.566106740722,242.854326892662,229.694246651237,253.210939113646
2012-06-29,250.516131887302,274.919494589291,271.595862018174,287.14541078616,266.169390728847,250.183402900268,277.054586453632,377.362174296892,256.418556545974,315.583595448884,271.599055899593,269.262620895896,280.650856870909
2012-07-06,361.579064590569,266.39101741943,258.213308934497,278.803741944797,267.565030203559,249.897285466564,322.509935072739,315.928871354969,199.462693831232,288.592640559673,283.202854378623,319.000798420423,284.262270181423
2012-07-13,308.123544781921,245.768913504532,264.298669437292,260.798248186403,271.220382579819,249.775046729826,298.455496810097,274.175953700457,344.753106967167,265.249718254869,271.997548378738,296.281373826536,279.241500263138
2012-07-20,251.761526581736,267.323814087607,253.148888298654,248.584434950334,272.17308936879,250.008039594076,235.098359931528,276.703569755035,245.490915179345,263.374755121765,232.981068193355,235.328253991286,252.664726254459
2012-07-27,194.579628952421,250.361460373149,245.364271090556,259.274182389488,258.103884600813,248.325875055988,231.654217165514,231.719976854906,213.972120353833,267.025632453798,242.57733027911,237.887841136552,240.070535058844
2012-08-03,299.949110628796,226.459647254581,256.92903035234,248.558662050568,245.020982440041,247.424075870462,214.540999608672,254.676431382227,175.082167004001,366.414275704333,239.042244716384,221.540582457652,249.636517455838
2012-08-10,172.011358674493,220.833537624663,239.21912570599,216.742933693451,238.311570295679,245.484449554353,265.816773949666,291.977885524526,307.950559953195,264.396161536631,277.185933809282,270.109568191988,250.83665487616
2012-08-17,229.739085502556,261.888445026285,222.298175193848,233.216125853113,230.381839737342,246.908031254668,273.024708261548,322.211858904757,257.297939375453,281.321517743433,300.392299207549,277.832122923312,261.376012415322
2012-08-24,450.831251667215,230.113491413276,219.57364709097,232.605383347932,223.989071382878,246.067661250083,359.176068475708,314.917556972916,181.178510295373,271.191871123214,331.026298902312,353.51854604831,284.515779830849
2012-08-31,324.696372156357,194.615533359709,197.325715208696,198.588594074301,214.755166626307,244.294923174907,320.617641639008,125.945484162386,241.982533227951,257.598500713556,288.691355582193,325.28669318253,244.533209425658
2012-09-07,67.780524534094,202.008880528566,191.022999282821,200.215672864533,210.166408078743,244.827419850132,141.359092715396,209.837312265986,187.848844621983,237.072797881186,174.287012106095,144.317519265095,184.228706999552
2012-09-14,199.93707661601,201.139037259735,208.946535290917,210.779813424745,219.437164871167,243.649261482764,192.547963603596,172.65654983907,244.145722918579,186.645416018628,179.656360628664,186.206419952934,203.812276825567
2012-09-21,231.452233973055,181.293964582379,209.571619706613,215.550286063249,225.411622925271,243.460170531799,192.455044832846,130.357521349658,225.363484936388,198.623452541529,127.902566551903,178.607872210495,196.670820017099
2012-09-28,82.0495797242683,206.062408376583,217.553545563637,213.55497124687,230.010890961982,243.733786175312,187.567056574492,198.717302497616,200.479898193646,184.499409856332,144.272408404905,175.605415855358,190.342222785917
2012-10-05,261.177233334165,265.598968408006,239.860898234808,215.091249793156,233.420749435948,243.905206196974,283.253256557914,235.858969891623,235.690465536002,270.238073914439,265.145646337468,287.612859242907,253.071131406951
2012-10-12,277.670474513174,261.394009195326,224.488224027124,249.491204909131,227.771647124474,243.379959143099,244.89845178595,291.896600372021,236.933434424315,279.864778051545,218.34562633813,246.977464951069,250.259322902947
2012-10-19,226.12554000124,242.107006981053,245.740001567857,238.509227369085,229.664518317748,242.219292253185,260.336456122535,267.820539515544,252.720122384526,279.931892381538,244.596631024285,259.685956868847,249.12143206562
2012-10-26,313.065850279852,243.351709242701,257.033607035372,237.938180698263,236.846389880232,241.627609944742,319.609194406227,234.855386617765,242.612798165904,271.086378896525,325.820348730924,328.985358632034,271.069401044212
2012-11-02,135.095700154927,220.355320445865,244.118861594859,267.215546907593,240.809474113968,240.921668272737,135.028684175582,254.975207119349,214.929608665017,292.27634163724,146.198986501184,145.036110661679,211.4134591875
2012-11-09,375.976618823161,228.413903392883,255.440229864181,268.571911873644,246.362086598947,239.70369939023,337.881293568056,254.726138936333,224.928699119413,263.877023628357,337.39492916504,329.005529477032,280.19017198644
2012-11-16,177.566903337527,250.311045226113,270.705539446471,252.418311341632,243.404686611897,241.182533072707,195.822643239597,290.528761824076,202.805021510175,279.794155836379,164.606521817536,188.332426934264,229.789879183198
2012-11-23,261.316759663858,300.626830884653,268.883725778762,257.692661094174,244.649196872613,241.612057273654,264.490839682394,315.347956439444,256.862226367092,254.263838655382,234.458952369345,247.523688946407,262.310727835648
2012-11-30,369.853655369761,306.319771459683,269.017076477959,253.732726445783,251.297961228582,242.309215721277,381.553140810151,368.855959924897,280.680794228374,238.465068208708,328.605682485022,371.695163167245,305.198851293953
2012-12-07,338.261437775021,296.026533472695,248.849761648925,249.978725046153,240.66664980126,242.170475853888,331.883365843973,277.69740481182,247.128451246909,275.246452777624,330.072059359628,344.021359324107,285.166889746834
2012-12-14,255.005057961094,254.919259970795,249.616339673124,232.140979419624,230.49214011584,241.469252094334,291.269653658858,261.003277898839,241.534549165794,287.881079814713,299.711748307275,291.771053506642,261.401199298911
2012-12-21,201.934549769476,233.23448703557,250.555367743947,229.434342384788,223.548461689073,240.012624956648,248.951740765847,239.862028848496,210.770647175129,287.36413391511,249.240030403746,252.377393087411,238.94048398127
2012-12-28,194.437914771241,187.110603403409,214.899409957095,212.562556636633,211.692549176675,238.425196506717,170.841431269741,233.722752124125,204.638755875582,273.522157538257,178.380924175948,184.824557410719,208.754900737179
2013-01-04,227.343883636966,194.466056490001,198.030069157924,210.564175266954,209.73981778918,238.133970528154,165.707894679574,193.462973845251,190.006829962718,236.373202697541,155.564904147541,156.099376762309,197.957762913676
2013-01-11,226.559916160427,203.062554656711,182.05085810601,210.156434637417,212.056971161442,239.026740843444,252.045553452692,245.077693935063,228.682390742056,209.932297055544,205.850302452931,231.152963831942,220.471223086306
2013-01-18,238.990771118218,213.447186971296,204.352736110955,225.836094512597,212.494029355438,241.108258302176,251.541453424961,233.369475529799,250.699043281901,201.289681697305,215.06546227087,237.976296777384,227.180874112742
2013-01-25,117.116252487862,218.58678331413,237.639337737771,210.309498090316,221.198716070584,241.890492732587,228.403239979806,228.741740300879,260.034697257026,252.822134968531,181.862900442703,216.190541146059,217.899694544021
2013-02-01,162.487460780333,241.215642126975,228.337600693986,212.358405290304,223.903152947914,240.897320776692,126.918670078176,169.155086240311,135.14578919073,170.328005586737,102.584270383325,138.982018737253,179.359451902728
2013-02-08,229.362074619801,227.511892714338,220.082759550805,223.729065613885,227.259792570475,239.887710128513,194.515394802077,202.554593668499,206.543625330042,207.811170934105,177.05206524257,187.25330493826,211.963620842781
2013-02-15,286.213669300186,248.373420331522,242.456761204273,228.039999777921,230.542169263849,241.322812232157,247.253207098802,213.428228363236,211.067329460897,195.943615081386,218.849112460963,232.023494696917,232.959484939342
2013-02-22,112.756154263436,248.440457072956,237.240430875494,241.215711171476,224.897804418952,242.193443933705,219.426521243863,231.179305502575,165.003949143307,202.336688859494,198.551847622926,212.357561987367,211.299989674629
2013-03-01,244.123878744635,247.137865362411,260.820798836555,253.202247841291,227.055720363669,242.671440971977,285.612359211534,254.368254196953,230.618270555968,208.188673974418,294.633397343239,291.128797556648,253.296808746608
2013-03-08,326.648846963623,241.799546422149,245.355736361196,244.706061976379,233.164109678635,242.111109822511,264.02198405929,218.945773243617,214.963949422014,206.127181300778,243.305451386036,269.667494813634,245.901437120822
2013-03-15,157.412696991044,224.547671657917,220.807648049212,232.473144794057,241.808193916046,241.813540680564,130.151629497196,236.223007664215,165.771270502589,226.266707085145,141.225214170885,125.567652230535,195.339031436617
2013-03-22,366.867025802334,230.956420446981,233.591345872369,235.432984411612,258.38270177672,242.279761450903,309.686024889633,235.979473682944,206.276572271117,206.352685690385,293.669111995754,294.266149220866,259.478354792635
2013-03-29,88.1545516183425,231.205890259113,242.470860071683,251.937085030587,269.125494001517,244.852764485986,140.504773664569,250.199886980524,104.336475503626,258.336092733517,122.431935971343,125.608828694096,194.097053251242
2013-04-05,156.76062493416,254.988918954225,257.265081119368,267.317835105313,273.225632992187,245.435094438784,217.938191974084,183.505231088829,203.412616881818,237.637904261885,206.452619959271,202.878366340675,225.568176504217
2013-04-12,165.271643977791,268.69989687853,281.218089654008,275.343825054285,279.436968666505,246.058510336096,244.974092820107,248.269328664933,193.857425934053,246.401251335513,245.666096458904,241.075257230784,244.689365584292
2013-04-19,287.92229231454,292.124242451673,272.05305828275,280.279786431902,280.684977718571,245.629963844396,242.292566095359,248.803406108564,211.032332146598,240.581782495487,266.250794717711,252.147416440888,259.98355158737
2013-04-26,357.141183598311,272.941586177227,262.943916637144,271.601942965784,279.604472574376,243.886117533995,283.160442954357,230.453717798386,313.890232460161,219.687601643965,299.80922406896,296.051439010094,277.597656451897
2013-05-03,283.253390495792,258.993140315434,278.455929432791,268.791616991635,273.050606643086,243.949082955023,244.644329609644,244.308036373231,242.845671599261,255.16585122322,254.92576704389,253.701292783219,258.507059622186
2013-05-10,307.445508111826,247.068257590924,281.291369945696,272.083767538294,269.18884787727,243.978211277138,271.211995697395,259.212531392589,262.357776900734,252.908851373033,270.779797921387,272.370359185224,267.491439567626
2013-05-17,139.648788171738,231.396361951379,263.162947528502,272.342339680664,272.498243489302,243.332102307417,176.49713936735,256.535122658271,207.037748435807,245.322012147174,179.405362067064,186.497088187277,222.806271332662
2013-05-24,348.745094381972,253.464889006078,256.328450720316,284.575818906787,277.013151990908,244.480464876681,316.765636705442,284.999806641239,251.34169679948,259.197677692641,304.195500006826,304.378330235878,282.123876497021
2013-05-31,309.226106113447,257.481381931829,261.386197003475,279.380280612146,279.807257089858,245.544024586531,327.949111872932,207.830717264272,288.107443496753,271.209777030602,313.572324386668,311.909264354139,279.450323811888
2013-06-07,257.229273270111,286.005001583412,256.095267851879,262.78237686982,275.542082308648,245.573280469053,321.093211289216,212.822472457555,319.642583456908,285.405422356683,319.752793206815,322.634220085757,280.381498767155
2013-06-14,225.673200851339,299.461228657348,284.348384677421,262.184338545388,268.754248099343,246.159159762951,257.907599043205,318.752920369476,289.818813488072,292.081870290513,258.508058015117,258.366445599064,271.834688949936
2013-06-21,331.073006444779,314.057098791607,282.223775517302,256.213501821931,258.432832375305,245.333769075053,261.536137646463,297.504063997714,240.034377073449,282.372562670565,259.944313928569,255.586545224816,273.692665380629
2013-06-28,260.630810813302,291.615209028203,277.548064986982,253.114288603948,252.719823234078,245.927130233041,274.443796732036,256.513010702614,270.076048487658,268.81916849058,261.202330437598,257.227789079875,264.15312256916
2013-07-05,280.315943840032,281.463881545628,277.83917388059,258.79453503938,249.8398738245,246.311888118311,318.908237028035,253.232620144935,214.108793091222,244.828362301999,322.149664506146,318.91523238439,272.225683808764
2013-07-12,263.31809560932,269.842825384956,249.66602251503,268.660977661705,237.883044184438,246.475166285224,276.390121103044,209.225115657246,278.52739318146,234.209237110806,284.475392608364,283.097064969924,258.48087135596
2013-07-19,155.901716229055,220.284412283457,252.056048308311,268.217427752745,233.601773363102,245.328548523944,197.436310157236,236.025409254531,159.63339145561,214.632102139498,204.714902721178,201.70030674574,215.794362411201
2013-07-26,137.359608245636,224.659753965197,271.355970500833,250.420324690771,244.278227073336,245.330048951406,176.552617728057,237.032169552494,73.6155666138918,232.883165651924,175.689779701273,166.237800267986,202.951252745234
2013-08-02,82.8646137505208,256.951467365189,253.054531042597,260.287169336904,253.237552399297,245.485961396855,201.042865772057,240.39700150896,220.715124527291,256.995706376769,207.816502468641,192.769147730621,222.634803639642
2013-08-09,308.030414602898,290.363031044144,263.140854867113,263.292277162164,261.651740064579,245.895929322349,240.804042767945,241.425462230806,283.380913255943,254.953782361029,256.259024463478,243.046306882846,262.686981585441
2013-08-16,292.046968790591,287.441789937855,259.616373281377,249.934375626487,259.363446024684,245.587908194649,276.671804366272,252.421149731989,283.822691809603,251.966433392242,288.591747906128,276.926698733288,268.699282316264
2013-08-23,160.800767345922,316.453635368629,269.808440635028,259.310237344561,254.632994805451,247.445013934675,317.055680445392,280.596161750509,281.801071525334,271.522510041081,336.242648247269,323.424948120696,276.591175797046
2013-08-30,316.687786427927,300.783070348987,289.190653086906,263.810043199937,258.553044501173,247.699517616173,304.956185944791,250.110706955612,290.207427995401,262.407761683148,335.982040979555,323.026647989446,286.951240560755
2013-09-06,218.383778839983,242.141440200288,266.178737454721,266.229308963513,254.781587317977,245.918685189291,140.081496292826,248.749963088627,275.744971316602,187.919675515528,172.231733135179,161.65043787008,223.334317932051
2013-09-13,211.135472972932,230.580124626686,251.833931167326,258.653416473821,259.767421939073,263.799788196394,246.863400979497,235.633606795242,289.212656659168,175.296952828595,249.304054719713,245.477437101132,243.129855371632
2013-09-20,214.101070167593,264.18031574644,275.603939665091,279.019386940439,273.160688848719,282.218351194523,270.761821906722,244.613180117249,254.212189772245,236.611432032691,262.54448149187,266.883624208674,260.325873507688
2013-09-27,150.546463616592,265.422397551,256.616847593415,278.682687158829,281.935489565528,278.982991673367,151.873421644618,267.255070305368,240.031714787953,263.30848301414,154.013553554225,166.355526462789,229.585387243985
2013-10-04,228.383207068055,276.854733774898,282.155663111466,278.402725830435,296.343586506542,275.451056079799,308.141623492681,273.432760652016,302.267452668477,376.066283185913,291.916771123877,297.355559037174,290.564285210944
2013-10-11,204.187063908444,299.516605234116,291.81890153134,296.182797205002,307.780210587603,280.424806644486,289.570592048885,240.162719283526,355.535578327051,281.497868545376,283.886325086962,292.470425300346,285.252824475261
2013-10-18,162.612645839995,334.1209824867,312.893007514409,325.213535160472,310.451132438317,295.840823010012,267.475755503645,296.181980540447,301.747991010249,311.316674564882,246.891441578549,264.290577328809,285.753045581374
2013-10-25,229.304859343484,326.230874236377,344.419196955839,328.742212878148,314.193876721954,290.160622012572,327.235644958465,290.376860232913,315.124528417346,296.418748858168,324.706709533436,338.010389200303,310.41037694575
2013-11-01,228.544775958669,338.859123064509,349.247282023733,327.912753237867,313.823890555933,308.098889479849,216.132588841359,284.770028477977,224.883585807283,332.697691543564,234.936242630188,239.854791810786,283.313470285976
2013-11-08,320.697889841654,334.539513841105,329.294905050826,329.636751814021,310.572421298479,278.07188256525,385.851284319041,278.026363633131,198.997929697373,282.747756378717,406.162890762358,406.771692713905,321.780940159655
2013-11-15,344.169771109739,324.956011378769,329.435733247991,322.32523646767,302.582638133724,270.906459272825,256.618117694637,262.966891793424,148.272746463981,246.080597554199,269.080698705647,295.797725471369,281.099385607831
2013-11-22,265.086075959247,263.191375517673,281.194768844979,281.183369329559,287.696097296344,249.637447639704,153.190128202559,169.985709442691,140.339988532265,216.302485643801,242.180907831006,284.577022967252,236.213781433923
2013-11-29,203.241444780391,248.824198389443,269.93119560909,282.956806153783,284.737334109187,250.736160947288,286.958723225453,223.658918882686,247.182072931722,225.887118556038,330.468643859769,307.442564259812,263.502098475389
2013-12-06,333.615051732436,220.073005025066,248.113162236543,270.679972599024,285.001319315915,250.352936740529,295.891554708505,237.924815832739,228.792751861337,261.765379759433,353.092654295496,353.649043797412,278.245970658703
2013-12-13,250.624111398919,206.971436273678,223.552357883082,250.815984275392,271.229630411514,258.267160980873,231.672651457478,259.059254864061,300.677992802383,251.437375743845,274.510250890224,273.190686615905,254.334074466446
2013-12-20,128.357377092365,225.421298790002,214.887555098385,232.396958655772,259.667321711378,281.472854029883,187.95586508392,261.502729317309,237.933811128574,265.150316332541,209.781878852336,204.211731994964,225.728308173953
2013-12-27,283.799261964585,270.152429119736,229.361694066046,227.15651502275,254.089073568243,279.831806101294,274.126910085544,261.367579534623,324.37069249702,262.108486947359,294.767237700986,283.934131489308,270.422151508124
2014-01-03,279.884673227837,270.918753279952,228.0990692786,223.387431253879,251.007300357032,262.8679159374,281.146386478317,290.303699079683,311.828746495664,255.330815825227,308.126688038208,307.369972618921,272.522620989227
2014-01-10,303.001596208397,277.590617248728,267.119847354441,230.564385674808,246.821260294513,267.911662207374,315.572109002209,269.306772736354,303.068271665019,276.795246865574,345.589892187434,318.536524417669,285.156515488543
2014-01-17,320.697191752409,269.165361024585,263.59868944989,239.059398653456,235.752191056311,266.329855781539,309.076815089448,274.118495761767,296.021337735611,270.39852644601,310.46561540846,322.447069880111,281.427545669966
2014-01-24,132.28759818057,267.772896193247,260.032302506826,262.618652323212,228.925497351876,268.595224088618,153.522110195236,271.131921445108,283.322704533438,276.102535033389,169.014031738965,169.611204589889,228.578056515031
2014-01-31,217.366293896628,247.091731727831,272.585849390024,272.013377384935,236.914172263185,267.090409942931,224.797525187171,248.550747634324,253.912671906638,263.924274179627,247.372546449808,224.804510853805,248.035342568076
2014-02-07,270.232535575789,263.35190224442,279.883079180853,281.06912586795,256.954117682505,281.085991393404,306.002113913426,272.579706395887,292.261849110931,217.976793407751,326.994373539145,293.64765071185,278.503269918659
2014-02-14,238.876296212577,269.303225619131,275.297273309201,275.889890957837,275.238799802992,264.758476011597,270.548049266864,266.875064258314,215.213931661937,220.348415384152,288.163114390899,287.687353425776,262.34999085844
2014-02-21,226.519862613366,280.427095153308,275.391675416488,272.019802513415,280.657255351985,263.128844794272,175.678764518589,265.87775844464,260.859179658834,222.526546506256,203.195149122028,203.811016514711,244.174412550658
2014-02-28,251.289180606914,293.282408355443,273.659837652492,276.400357734878,278.260197354369,265.623820598957,281.621314238815,267.765579615298,305.193055548213,236.287549681444,310.006622492587,287.644433164709,277.25286308701
2014-03-07,311.254568428709,279.935819480183,271.963866526916,279.50929909528,277.017018938697,256.007801735876,315.560867606155,259.989017772326,204.253525700451,264.227410267344,332.938049950076,337.528767967952,282.515501122497
2014-03-14,263.66718779698,262.089566668996,276.007611273084,271.775331965901,276.537735926883,256.887091698789,218.899264532808,262.559278708485,284.315505694216,273.287244478717,251.249257010569,232.141353029814,260.78470239877
2014-03-21,357.799689922324,243.552040919582,259.576542648618,261.960470780368,272.096132308129,255.334227562256,366.816384591579,261.125007448234,65.4106357885309,257.120650105693,388.760503689083,380.779720682229,280.861000537219
2014-03-28,275.056475798531,218.070641868157,228.65402041249,247.348879568222,258.75475032678,255.218703874247,153.832944100039,255.650180645955,276.446186721967,255.707965852196,159.269771145294,186.72995913001,230.895039953657
2014-04-04,240.387713763112,193.997411933543,223.795600985785,239.195250124577,253.493690117625,254.203748399658,212.363686976043,257.354171462762,135.185969022636,224.616041489867,241.879685650815,212.170716252982,224.05364051495
2014-04-11,196.212856166172,206.200127170212,221.864878718866,228.893186511207,262.308486681558,255.39677930331,187.34532068225,253.612640966616,378.971072966628,218.397944982075,203.298095295777,185.693923242893,233.182942723964
2014-04-18,128.53360676409,212.06187002076,213.673151702318,244.57850896129,267.761594101649,255.081447737421,210.235118559976,257.300913375219,321.199943033221,222.529181015811,233.252137534516,211.610113178672,231.484798832079
2014-04-25,219.581552593205,228.010971882141,249.789654984547,255.607832575373,271.708690126434,256.811594859268,291.180818740249,231.747762756236,222.177863653731,234.78954390122,320.745542792378,292.339936326683,256.207647099289
2014-05-02,234.852852571899,262.560352273278,245.869635479658,246.727720066312,264.222223191894,255.167570427067,226.40972610727,224.759121660585,262.986743382868,265.3263479662,249.11995025364,262.682362685444,250.05705050551
2014-05-09,154.289937994391,282.789921797857,251.134757113061,257.66323378712,254.761498678785,253.962096285289,215.315662575129,252.033664849414,215.716667129455,267.956365628009,281.359147716461,236.663661466076,243.637217918421
2014-05-16,363.200882774314,295.602542061562,293.429462405422,265.873372011744,253.142662924827,253.440180539466,244.359593699383,266.750652310034,192.650715809164,262.331000630078,241.951686542726,260.842933541305,266.131307104169
2014-05-23,348.393841647347,285.648473840291,285.123143830642,272.761829819927,249.033103729693,252.389650075168,349.081972216381,286.550700056778,156.538556773668,251.249580355786,368.637752373197,357.797556526808,288.600513437141
2014-05-30,267.176565179402,295.650452170082,299.225776584752,282.510873333988,250.422352124698,253.773406927574,260.982106120855,312.701536623113,213.268208472195,265.272958919968,301.596521974164,284.755479549768,273.94468649838
2014-06-06,375.888995591963,281.642182483727,286.99790655736,264.838996962225,247.744422404425,253.137276441702,265.624958102626,226.659422573048,148.769345065727,294.018419954767,296.776786598637,299.13341324791,270.102677165343
2014-06-13,307.267556004585,262.146806200552,256.501309641026,258.079244445046,245.47473665562,251.860352202953,254.484749252955,292.863600657188,179.288164497046,297.441186509147,289.760827109901,260.429629241712,262.966513534811
2014-06-20,355.672584985689,267.513672958166,257.903854566946,263.935721906497,257.433973759254,253.48294340009,359.376498087456,304.695425991355,253.646584442104,315.628928924385,394.424705022667,348.682019826516,302.699742822594
2014-06-27,223.504245517879,255.308961293352,245.154798998447,248.04686509746,260.36304149469,253.800931802735,224.35981028186,293.062465651047,314.411316809904,320.336105714138,237.325402425202,234.742185528901,259.201344217968
2014-07-04,267.626456061714,259.038830986762,240.727903729325,252.931586523427,257.354290910541,254.073031491169,280.696036997021,274.658977874672,274.889252192176,239.797481498716,313.332834108668,279.154246064112,266.190077369858
2014-07-11,237.139285444966,244.01464317366,244.751668062638,245.368406277619,256.316441992913,253.395437886937,236.295601284705,249.249465272255,311.989767176067,236.690222749137,255.256097244905,249.744024903962,251.68425512248
2014-07-18,307.946229902432,268.636348581549,248.818723653514,251.989243490853,249.761976243839,263.089462328432,254.760870228073,274.659466898408,248.267766612473,250.536440909115,274.322146873388,252.423745187657,262.101035075811
2014-07-25,268.772516656568,239.787469289609,260.495205925283,242.324510824543,246.346678938541,262.706852559267,208.698946129308,244.933955351111,292.984411130845,236.201372007039,222.160089646122,219.81469777843,245.435558853056
2014-08-01,236.576466219291,260.35628903861,264.092596732866,249.890934342196,246.149748412708,254.541320528984,174.137067949002,256.406239961225,222.729523660665,255.353027686744,160.221962543559,174.915144029326,229.614193425431
2014-08-08,270.075620941006,239.855791636836,249.56997831194,253.218686377379,245.289847281366,254.233712344791,286.095477849403,219.787418612424,199.732088114402,248.774489868166,281.622198857101,293.482504465653,253.478151221706
2014-08-15,367.572125162885,253.591068035816,261.306759700843,267.715990172207,245.845797034273,255.610238067783,319.251552418525,238.846663658797,197.141913494046,255.910159565439,315.667543883061,332.594607590432,275.921201565342
2014-08-22,251.532315285072,230.652747752692,246.954830555134,251.995593138127,250.27651805949,255.928533716393,210.598037484811,253.681642861175,200.376805971256,257.808849202722,210.200952715387,210.180280337792,235.848925590004
2014-08-29,267.343198341327,255.091833002613,250.895532972122,252.280885986645,261.368045429806,255.718466292114,299.16327584502,272.782223999578,377.909174917147,255.646162235638,296.37138251578,295.577605669169,278.345648933913
2014-09-05,315.825588984561,237.203758803017,235.210298937084,245.363436014873,266.952439378117,256.004690122538,253.796318281873,252.732209690804,305.468648858664,262.557769930588,264.708386414032,268.366274353081,263.682484980769
2014-09-12,394.103996615833,231.431126845505,221.154862793658,242.355451027925,256.287462799853,254.594091443239,276.143089235467,270.889664622698,174.117364283403,251.446891213896,280.440195397597,304.368120761728,263.111026420067
2014-09-19,287.833855389927,230.871473656785,229.232487853373,225.182885394784,249.156423553237,255.732039872342,255.660777075561,256.839474533173,203.362779634693,264.631052429792,230.100546939098,241.576744788001,244.181711760064
2014-09-26,308.531932857283,249.867711493197,245.981128333981,244.870967250178,244.58386531588,257.404566213512,243.825208456828,265.29212625068,287.464092431935,288.703674558752,227.618760997102,230.704094590774,257.904010729175
2014-10-03,315.65492952587,230.871490407459,246.277937365334,241.140971992021,234.614659584085,258.180746871136,284.466564121496,295.775108479979,232.735780211208,260.798740923058,268.355159708264,271.702358673034,261.714537321912
2014-10-10,427.125138506197,235.46343801614,241.444655001366,240.923226275405,225.571694930433,259.38740057768,319.2767279564,284.192464093374,262.05179222673,260.314524702544,308.833076650496,313.406112504036,281.499187620067
2014-10-17,250.669830785103,220.222723776446,213.78109030867,209.626121486922,219.256709005652,258.853023366657,197.972503631046,252.821346940929,254.689889985506,253.997097877559,176.408359301768,186.739580269903,224.586523061347
2014-10-24,244.269633736051,228.368193683357,201.363693285853,216.140070117353,218.318446847419,259.838621552675,244.028598284395,244.090486051704,242.996216205972,265.644404934416,206.948889398515,230.33716960198,233.528701974974
2014-10-31,191.884885020325,184.377551298298,222.267622296722,210.491269598425,225.337934018104,260.728568101056,216.435601201512,217.689644835011,262.189051812153,276.202889502728,175.119550283834,188.819859328327,219.295368941375
2014-11-07,170.516350766597,193.66270504517,218.910665535031,219.775922791044,230.702018450268,260.982422191578,253.608926548788,214.994461869309,264.39546769973,222.596215727316,211.847147340718,226.093191699771,224.007124638777
2014-11-14,0,213.09630879526,212.055277369194,228.594509538571,230.45916097653,261.010391414905,165.05216154337,217.163866437307,256.919078667815,226.461307966782,141.376082450543,151.117229070676,191.942114519246
2014-11-21,273.4132324595,256.672333259428,224.948200462377,238.524148530904,230.524107602369,259.226011037054,254.949861457073,208.027204575224,249.923043393695,211.315564166766,239.804998294539,262.613139711633,242.49515374588
2014-11-28,228.407731377034,249.644597625776,231.802388032402,237.364901111664,232.490534238256,258.814068606817,223.869949084958,232.329590156337,232.92144369316,176.477616418519,202.75133289967,214.395676086632,226.772485777602
2014-12-05,276.901619229494,277.949815832397,264.507479068346,244.060471105092,240.218845467321,258.565372287659,307.985989803988,250.944569374689,265.251972806748,256.227125088935,292.237410073077,303.521670993422,269.864361760931
2014-12-12,301.443724618721,280.846332272053,295.140935852712,250.176259636592,246.525500421536,259.169531296272,269.2388197919,259.256453922627,271.339013668406,266.652046960006,259.313576996413,273.705986635181,269.400681839368
2014-12-19,258.728021369983,288.45244026995,279.596083908136,280.32723576225,249.983838917724,258.88370452605,198.018462302781,300.276171019407,226.482865499567,259.310777962087,181.686530659699,192.926966155125,247.88942486273
2014-12-26,305.857471132033,275.125872158559,276.164487450708,271.97631369357,258.414461619562,258.784112973859,302.377099454584,287.863965804598,270.483586000755,272.509236710951,282.434900064763,293.524466635774,279.626331141643
2015-01-02,385.201986110813,275.91417339973,279.170091592124,284.889661414421,265.661305347709,260.695332487196,337.732457057529,297.956395830958,397.502715420909,279.91139332401,302.022798684631,329.970485781119,308.052399704262
2015-01-09,237.289997225983,254.556393952014,264.250658323914,267.014666537765,271.550112533903,260.569310729149,267.576841263478,276.783133574336,254.031502809385,288.098657238615,257.64300608814,265.522570825555,263.740570925186
2015-01-16,316.069743684382,254.436330812076,247.461670762616,257.542292160001,268.564985460152,259.559530303053,297.479692539367,272.839377940672,266.129786901068,297.098158588426,288.796475368789,304.360087919117,277.52817770331
2015-01-23,236.724566987252,236.58152477247,245.99028814804,256.364037703545,261.949984570487,259.009801709054,191.002895979192,275.059343611394,150.095008929056,260.477458753895,164.739858366671,181.120777389814,226.592962243406
2015-01-30,376.949625442303,227.686616657197,235.461347724014,243.909729224035,257.921143080256,259.519452968047,307.546749131929,246.700750741119,277.872674562615,294.31786264044,276.392525149397,293.516558122944,274.816252953691
2015-02-06,181.460436591444,215.968201060542,224.236458559394,238.359906278326,245.395834507022,265.149099907076,222.037574436566,250.220105100421,246.08949027642,248.789892823486,196.49401737682,211.724168714461,228.827098802665
2015-02-13,246.787123596619,231.642048475406,240.615811342857,239.38997792998,233.145107126297,260.714979046913,232.761032451353,242.138299739048,292.176679464554,233.280012627927,210.026584634588,218.247026137131,240.077056881056
2015-02-20,288.9046725789,227.042734301434,229.354390258197,222.489744985452,224.949979809559,259.992108466616,251.210529961346,233.577615935415,319.19604355629,230.754265566243,225.341810255292,241.339414728873,246.179442533635
2015-02-27,136.695497065834,222.164880994131,218.388184740139,218.54289182253,219.773132293931,260.134194583481,188.184357914123,227.090303731313,205.905556048142,219.975467237589,162.354703291437,177.389350710064,204.716543369393
2015-03-06,334.72222085836,215.794162102273,224.263192465118,204.682991439842,220.041518099139,259.132145222514,301.34231080706,251.838865114729,289.98504314311,284.763218875193,284.362478932282,301.664866202362,264.382751105165
2015-03-13,164.982903233591,213.420861876629,196.819494266612,203.022984163828,212.138247216971,258.484959352992,193.054221797135,228.863710447942,235.961947774736,254.151567324137,175.782983293979,189.718950628433,210.533569281415
2015-03-20,143.285854455871,204.662118577522,186.46892208915,200.7356535573,206.121250339572,257.191182312984,227.456361845962,206.909289184283,218.731877563663,245.045690754305,212.050841152256,215.254716942205,210.32614656459
2015-03-27,262.458393197753,193.913264468532,212.339332425281,194.485083328364,209.860352726999,256.981287120535,242.005776873656,195.73401786443,258.015591882291,212.995728693781,232.425143646725,232.417972338423,225.302662047231
2015-04-03,213.770030727296,194.765196692479,177.950281543594,200.805178169129,211.889072003715,255.915955645213,226.460859058528,223.672484581342,227.017454212427,189.140964426298,201.242655414311,215.271718313586,211.491820898993
2015-04-10,193.94174923778,195.870302236648,194.81878930871,205.150579207451,218.875472089884,255.676180954558,194.539821278953,220.367407013352,229.363898571379,183.687915586028,171.622559494046,189.700522904878,204.467933156972
2015-04-17,275.614909946471,220.742055804024,225.960721222523,222.252023050431,223.476074774699,257.137009868349,226.873839799929,239.043179282184,200.199616600156,172.188636865031,189.860827491709,199.913320439016,221.105184595377
2015-04-24,113.238467453734,235.868837074511,227.979398084374,238.223635489525,229.086532067688,257.808964431006,181.065888502706,246.039435009282,116.267158614787,226.862839202091,146.150227232145,162.259834340576,198.404268125202
2015-05-01,232.556794951012,272.258430934652,277.289320318883,257.935667398193,251.761422921704,259.826243939863,249.099053125568,235.092037696889,242.199500277925,219.506600090442,221.681761703828,229.890144121156,245.758081456676
2015-05-08,226.999740516875,272.576617589544,274.035558243482,264.776381018557,266.080065108426,259.273805174775,190.941710995322,234.218045961236,309.608855746408,252.180623906089,174.087469950949,185.816983862387,242.549654839504
2015-05-15,196.631305368912,291.702452048008,286.523987374978,292.8731094224,271.60035537755,259.844211318773,291.635857403116,216.729190784933,196.058883359929,231.668095071354,255.753740962923,276.055937439868,255.589760494395
2015-05-22,279.882573813554,313.837866420922,328.361760339081,307.496369698726,282.668671745218,258.476493050682,320.019273063968,250.287046434125,234.87667129676,238.098623671592,303.355032584659,309.711193022633,285.589297928493
2015-05-29,122.364871337616,337.521939694886,324.537462523983,314.941855627077,290.63594880958,260.920964094944,191.802053275021,298.78256255448,270.806252280938,245.529262417662,205.554825554136,191.054002534081,254.537666725367
2015-06-05,340.031005102728,339.28962739567,333.685827209638,328.896192798277,304.892182919987,261.215779359943,374.231447726245,339.707688031366,252.83565774614,295.560062951857,364.99474569081,382.288308680377,326.469043801086
2015-06-12,420.9189550072,348.455107951583,333.940735282338,331.162067188121,312.388760180365,261.348125630696,360.535009768416,348.801818111078,275.67187649637,341.559454839439,375.654755058156,363.942549771079,339.531601273737
2015-06-19,268.037791959117,329.117052608434,312.30583413343,306.066467009494,304.0405962846,260.875682014644,307.843724417528,328.042271043854,260.953071840461,320.608187427267,312.330874142077,311.642463116796,301.822001333142
2015-06-26,360.229914536852,308.041924877162,306.501897998493,302.531649094858,297.785093333997,259.571170511837,271.813030228007,297.657812669188,271.515460770435,338.258732190771,292.20441770711,289.388623182392,299.624977258425
2015-07-03,211.832152752788,274.598975589479,293.119272971797,285.627361201345,300.493807190771,259.952543908309,250.996800223798,279.405804988279,227.785269999626,234.999216081194,235.004764609212,240.195767770578,257.834311440598
2015-07-10,404.931907279553,257.501735263637,275.647148995397,293.898002455063,305.518577031376,260.955953083129,332.513597721544,261.976730325953,238.204557807076,248.013612575051,323.431489584766,320.790181680794,293.615291150278
2015-07-17,134.302475490637,216.684502893169,256.788921642076,274.59285744441,301.719487598204,260.196488216323,214.549510424758,238.084804500051,204.076897573746,272.060233078357,216.034822952106,217.752548834766,233.903629220717
2015-07-24,258.294932106091,242.949457731969,237.612964576837,273.97320367428,287.466371562395,259.500837275603,247.726549690531,235.160988507581,288.368339950551,271.775352008635,252.182717502435,258.871508928923,259.490268626319
2015-07-31,102.39266619401,241.392737070939,247.719850845763,263.950035296146,282.418028532333,258.969471372774,168.673111533194,230.98262334557,250.253112338551,243.569081276398,166.166879084567,166.815187674366,218.608565380384
2015-08-07,241.953425908904,251.870822376553,247.685301857051,247.590886530075,285.438668385302,257.627662220518,247.295816081194,209.646399729572,243.067296257623,278.810688714666,251.077154892121,253.301575973817,251.280474910616
2015-08-14,328.916000613001,232.341537755691,255.538787447387,247.84571432031,280.628189691921,256.967174050522,338.059689813333,215.27054238236,405.71932003564,269.956179912454,345.315977411765,346.324608194495,293.573643469073
2015-08-21,268.257412152671,267.020220507458,257.525186716557,272.695237458082,269.444836490063,257.066237181714,249.680274825096,249.373239590445,260.564063062106,236.858664330924,256.509689266695,258.214531144566,258.600799393865
2015-08-28,194.802271474827,259.356343155318,260.477722940965,271.460577560204,251.432085603624,255.365568854822,224.493322893492,257.036478290619,215.05317793896,235.45155810192,227.351821189719,229.144300433084,240.118769036463
2015-09-04,162.559861480469,262.195500269946,284.358953557698,272.832853357604,240.609643208028,254.109368414063,222.690337963165,274.287124751531,216.56499685567,342.183280481742,230.690248948022,235.757357587931,249.903293906322
2015-09-11,337.041229782932,276.400028396023,284.274582778078,262.779054648792,246.431126947065,253.982243896634,359.106949793034,293.684423989762,259.382928881501,328.14186331073,363.784468583916,364.440436851126,302.454111488299
2015-09-18,389.669795194752,297.804733723031,269.290102607774,264.102205875831,251.108544176873,253.652214229937,330.200805991881,302.726458622609,263.312516768267,305.474538505038,338.400768086127,338.830736355358,300.38111834479
2015-09-25,292.84544813041,276.672242268059,254.226327187181,235.734741267512,243.900668823461,252.27714503149,293.671511173098,313.274438257584,261.352995851027,296.249987366657,300.003956745582,300.465664518927,276.722927218416
2015-10-02,280.623413609689,279.081679389631,260.214367333165,238.462083718824,230.76817725986,252.304353996415,296.896990502462,316.01491021675,258.804945352561,280.091267662822,295.718126935416,297.205389701611,273.848808806601
2015-10-09,171.526365643194,268.813231246398,241.585506389389,240.194739641021,231.882352058039,252.525993639225,299.299358022719,294.681792917947,256.203639861284,273.329651360668,298.937490600483,298.044447195982,260.585380714696
2015-10-16,309.012827420154,248.796583855469,236.068235751186,233.879549458512,240.948205886861,251.426020045342,264.93131232632,254.97902133219,261.223868816242,284.632886064061,280.389223481773,278.928050949405,262.10131544896
2015-10-23,257.639006954882,211.617419433879,219.068751482944,225.379434013487,240.825439994199,250.61258595694,257.699635678558,224.082062680787,256.794699139813,251.896851897411,261.773652398278,254.144317141865,242.627821397754
2015-10-30,256.344924266152,218.250291507794,211.744933749882,223.896219697475,237.167835069348,250.263507697707,219.947490850048,238.700441239657,270.414233404817,271.587323700983,229.450710942878,225.863606237762,237.802626530375
2015-11-06,229.101861028047,210.801633369204,221.110558828014,229.277502684085,235.499623052447,250.071353315844,199.518692173985,216.111917905312,305.994978415698,203.863174984723,205.749617249144,201.686953661324,225.732322222319
2015-11-13,134.676030053343,216.492470573048,236.202956041086,243.767461027993,242.495971453693,250.94743202317,77.6646847857562,210.314104634188,147.703808459045,180.447750087817,75.0929892671829,69.6422480653867,173.787325539309
2015-11-20,300.269850357508,229.298023891988,250.857199377143,249.154318033442,257.186178272674,251.2103989739,306.905031238392,206.388641329251,268.679614304859,214.84177213983,281.084660063687,289.045225250834,258.743409436126
2015-11-27,238.539432665814,255.829964060232,267.546420462708,274.570266047401,263.944403515539,253.799402702073,233.979246552687,266.385893393731,201.916724724771,228.33567949057,233.628896237352,232.493003885225,245.914111144842
2015-12-04,267.667853305806,259.843219725122,258.811039249004,263.976653523614,261.801638500106,252.189793590623,258.538675793999,282.425853315864,262.685024027787,314.43206870379,265.07241344532,269.309599687382,268.062819405701
2015-12-11,303.880097294467,282.657047251402,275.113226497889,267.547788134254,259.559638425842,252.815676624038,301.044678259467,276.038994754716,183.825401516166,291.316203673553,299.380654718959,300.882040804275,274.505120662919
2015-12-18,235.730037067539,261.667475902894,257.184985341944,267.156637556672,258.439380812679,251.724187617641,232.332424616846,262.319856100816,219.841921650614,303.179052860946,236.345284519842,243.467349365842,252.44904945119
2015-12-25,329.564740835813,254.234652964327,280.505640767579,262.882277729619,260.743624028131,251.67997020378,320.147840596079,292.131829691179,285.926078370887,271.544137609346,312.859895332826,315.832627477186,286.504442967229
2016-01-01,268.502456781105,253.524692288888,258.682836136773,259.275315813368,254.152248770223,251.178961570101,318.108997636868,297.034613634804,212.771003412748,298.562897892033,316.103722651604,323.054647934489,275.912699543584
2016-01-08,183.98669880398,289.2822584414,258.419749571705,263.187972397469,246.77280774452,252.401779498812,213.179190049998,272.461476805595,176.632651530278,249.561915535403,207.329815629055,209.075698858286,235.191001238875
2016-01-15,406.067635285046,259.247867387495,255.849854823187,251.06179731016,243.828543887391,250.563420215378,362.995273357279,305.291014368353,320.527890401914,306.774906704393,358.934015601147,360.55898318223,306.808433543664
2016-01-22,206.558724764362,254.650201262214,237.385709180346,235.289081988079,232.696612995066,250.44012574616,211.661175166868,282.059888664188,239.763121548368,297.33679787427,214.654352894202,219.850211496185,240.195500298359
2016-01-29,229.083047274685,259.000524758894,243.609461271752,222.831388261391,228.091180794093,250.373816620691,305.452855864657,265.310611925256,198.661004450078,272.480882509329,300.86067795546,302.037868819052,256.482776708778
2016-02-05,248.197824886558,250.573880381446,247.649440956006,230.499405065551,224.105042051043,250.627676687991,209.304701028535,244.109425425501,295.726326942882,219.464233196122,213.497857412665,213.868090158181,237.30199201604
2016-02-12,195.397217102585,225.301471533186,218.490921892099,224.474458086081,218.316337117804,249.824578858112,232.88160478694,235.043861752418,177.889424524102,195.610816866697,227.174768979239,223.202292532743,218.633979502667
2016-02-19,253.363207991394,217.086573822065,227.277769470996,222.516738019223,219.866121382737,249.755719844277,264.561843597224,210.633811785537,288.824487436348,226.364344393311,269.157825077058,271.187054607295,243.382958118955
2016-02-26,110.487946792364,211.327044834174,208.389496127115,219.020431332778,220.61520831301,249.055471753361,113.467019401898,194.125214800164,212.365326203728,217.513617175757,120.243972363333,123.75706299749,183.363984341264
2016-03-04,196.828249948069,217.50573066693,212.861612798399,227.364538234399,226.038571681838,248.666392285075,275.598355595385,207.066166622074,163.008119839504,200.699748423352,273.156996581447,268.608481842208,226.450247043223
2016-03-11,169.764784204987,223.466603461048,240.728723847257,231.087975962123,234.483315941239,249.44246493755,159.789932475673,203.963611081261,179.227671889699,212.087113289067,175.707602235425,169.610891919792,204.113390937093
2016-03-18,241.635165427735,231.806153096695,238.135406280657,235.777590233024,239.287314770935,248.933809179451,206.564764658754,208.764809499398,112.344042388407,189.178487314957,208.024340090344,198.85439504401,213.275523165364
2016-03-25,248.053944310334,270.459502069835,253.609310745858,255.485539665439,251.422966567521,250.050858830599,269.979419084678,261.199808321497,316.52917724816,209.863124048093,272.593673428738,267.269653640841,260.5430814968
2016-04-01,250.93891495505,269.689113280308,254.899046452349,249.828574288171,256.472965486762,249.811325907374,216.457124353533,257.50991375719,239.904386456001,280.075319341257,267.261532936528,235.25548687105,252.341975340465
2016-04-08,393.134788093271,257.119790337994,247.775607253072,242.765210010373,255.853193771383,249.202243121571,288.265885932181,240.381686346259,280.147401012165,269.72691599896,299.277357973049,298.049545821691,276.808302139331
2016-04-15,254.364102676428,231.758949916452,250.071618684856,246.734429682794,265.535053433243,249.602620256434,262.677306246001,241.542068943003,290.88021296452,262.457466552696,272.422969281054,268.074943309395,258.01014516224
2016-04-22,351.391572524681,211.429795364219,233.359906289621,253.702873068332,269.502212877943,249.191597414789,218.004795257668,234.795354514025,252.556001315555,295.78501502306,221.97885951684,232.626408431785,252.02703263321
2016-04-29,163.309324961421,198.707824925517,234.771640115309,264.097940456087,268.646534110667,249.360398287234,211.479912062487,233.63786952475,264.877329683801,251.504938397721,189.460956990906,199.674521277891,227.460765899483
2016-05-06,294.901269028718,223.514926613171,250.547503925289,272.207077663039,267.957261816688,250.914354403669,263.737861553354,263.376293945656,248.989709519736,260.669670304465,250.549388932961,260.092693265753,258.954834247708
2016-05-13,351.260664707609,239.898996957447,246.931089616107,263.655480047772,267.717620251806,251.387822773317,280.257653389808,265.862419636891,243.151752601168,261.607955552484,266.512374717959,273.882751774538,267.677215168909
2016-05-20,279.800101009057,265.686702205322,251.951806126842,251.584090315332,266.100854119922,251.213765208768,274.435638397762,294.274702465176,279.47955133459,289.59431943654,269.571405397743,277.382828188754,270.922980350484
2016-05-27,397.963298644166,282.960736862523,255.291976983196,246.364561050564,258.97716877313,251.808227641613,256.414701338051,325.244960752529,263.946909626251,283.601909079231,248.208872867111,256.827823510344,277.300928927392
2016-06-03,263.860315694938,255.764808629493,267.304904934201,252.732870770613,248.335491776408,251.388377323403,308.365000939127,315.130163923342,260.618523662174,326.528957203127,280.830945836952,296.992096327274,277.321038085088
2016-06-10,322.504682919925,254.582875955996,266.232451455601,241.792982484571,236.626396160651,251.832043476968,336.96113158103,289.665961163004,292.325768618971,319.457837606241,332.210501111668,338.315825276257,290.209038150907
2016-06-17,171.219338193201,246.856013192095,248.812834701891,228.586626950361,220.078540013366,251.031105201593,180.941964621043,278.817167517381,210.598478326782,273.399904664039,179.911896827721,183.588475542685,222.820195479346
2016-06-24,394.699716955523,225.594268485365,203.644494311929,227.504718995373,208.791573944618,248.54106689182,345.884477448086,259.932577238699,306.679041356687,272.610410493152,342.612937848927,341.53227435608,281.502296527188
2016-07-01,329.580150675218,207.447657335162,200.079895595884,211.336350868894,209.559235500038,249.378306771173,265.349499534955,247.848500875317,232.219423109496,207.623849658789,240.257863954989,246.50170870818,237.265203549008
2016-07-08,186.882537620744,190.417277067971,180.320736771004,182.491339385798,206.418317418015,247.476701801626,260.895513532307,216.211147184199,220.783607036919,239.175488184872,258.284661606638,259.299646646958,220.721414521421
2016-07-15,165.098542236503,175.616224392367,184.655853667524,178.324585926126,199.578658562685,247.26948573215,98.9151634320241,199.270993722908,273.67307043241,225.790897976111,106.544219106878,102.181324118322,179.743251608834
2016-07-22,252.565532217353,192.482642161476,198.308725261906,202.298427521739,203.618630570055,247.846883285665,290.434001956337,236.491407412293,206.55605533326,165.278099558304,243.375937524214,251.997824728151,224.271180627563
2016-07-29,126.448122514712,220.201230918948,201.082464879954,202.533025380815,212.808761592912,249.366992926437,126.589104354829,245.639778897745,209.010360154729,223.610625069404,90.3980477812812,108.377180172965,184.672141220394
2016-08-05,170.695307598706,230.691175385783,214.804752470738,215.365956179686,217.605772688045,249.021355609426,220.010657043319,243.403520338757,246.106681771535,214.033363341458,187.594059528108,201.105101486058,217.536475286802
2016-08-12,276.112844140766,244.118111485097,242.66416062666,237.669129147273,223.194640358022,249.884991800567,302.303950364273,248.131699577647,272.578266331002,223.226161754085,279.100921706344,295.863005112446,257.903990200348
2016-08-19,188.681941052887,269.183919822343,253.03027915913,246.612404945652,229.289426845979,250.307518021088,226.300156205177,246.809848320674,213.363244890842,207.013967295035,207.55886040515,222.453812102937,230.050448255575
2016-08-26,120.348115846641,256.210240755305,273.822295641689,250.464743034535,235.020707709323,249.015279680319,149.387831320919,252.711469227032,274.331705586437,203.773688844314,137.197790717467,151.842420255258,212.843857384937
2016-09-02,252.520801150728,270.309516156463,291.657347010628,273.188421208787,247.484418870559,249.28574622271,220.83685189775,255.176840058662,213.034824479561,265.984797086529,198.753442629347,205.501914463963,245.311243436307
2016-09-09,283.633958033415,275.635099588953,276.226125080247,287.636754318939,260.790343555082,249.332382173011,318.706260902861,248.241183121216,287.556173565348,300.667729354165,300.746466236015,307.558664688811,283.060928384839
2016-09-16,248.868019313736,302.652994377262,287.183386668042,297.522811150208,266.821169703784,250.947966953722,318.438741277076,231.409489585764,216.454941128589,289.589198664381,307.502939743529,315.418471489941,277.734177504669
2016-09-23,300.291376149681,282.79540941976,280.053937319962,263.880410334304,265.107767397058,248.94801472531,271.601508686554,243.943885977336,270.866926665486,314.21668067695,271.496043111912,291.167711238138,275.364139308538
2016-09-30,323.443342083299,260.682106820812,256.348963636796,255.561085002872,261.665517689683,246.965496114223,285.429740749041,253.346985299569,264.193194770039,269.537639410432,285.614882568389,298.588452721901,271.781450572255
2016-10-07,229.275255057499,225.042939582201,232.94343875124,243.283487430386,263.973115713982,246.276894947372,190.388481463087,242.94148370978,297.365107742564,267.472484731106,182.778624752926,196.957960919209,234.891606233446
2016-10-14,315.018494280049,223.211234252618,240.350956052138,239.844519757958,258.71741550435,246.300884193988,321.671799509736,239.129350773975,204.742745260446,254.451441668962,299.517922864294,309.682812171614,262.719964690844
2016-10-21,211.768844935648,204.898741932505,221.093234820814,243.359881227531,247.926808176986,247.377657974409,232.833512337723,251.178454284274,206.036986734238,268.128399896072,215.429393693636,230.237443377171,231.689113282584
2016-10-28,225.63545614245,227.552070760644,227.631777983874,236.955989149352,245.889024419729,247.604741828861,249.055178802955,243.345230626182,212.651389347619,258.237252456754,228.095223898142,238.229001206414,236.740194718581
2016-11-04,282.179564040619,239.18430980003,220.625981930006,231.272534989306,247.41438111809,247.785539100495,260.270818877449,237.805807121955,211.258745465472,216.631200366563,243.513941731293,253.331017322106,240.939486821949
2016-11-11,198.187442710871,237.312156704294,225.687697106325,230.05223939355,244.142813837565,247.671377140499,170.053607441984,237.931831106458,216.125081059168,215.090141542752,154.498123244077,164.243571188719,211.749673539689
2016-11-18,268.221111423449,244.589651170551,238.341861931674,223.056114913285,247.161878556662,247.421008843962,289.955549562032,237.026833760984,287.533740622033,227.922145401055,272.007978379504,281.475883875619,255.392813203401
2016-11-25,109.232484750999,250.364618950788,262.435434156565,246.56088766304,246.518748126757,249.01442109212,174.185210199525,225.485008837731,220.823130254723,221.932038614103,159.043350991521,169.881552054674,211.289740474379
2016-12-02,289.83251765177,248.346900829191,245.551158829772,260.848030268515,240.80068484851,247.147802583456,269.155581141678,249.419614617999,250.159353130306,283.524076854619,261.126844677448,274.629500480222,260.045172159457
2016-12-09,165.13152208235,230.514449623443,267.893023326307,255.407784645765,237.341425482532,246.729901892656,224.191686474431,245.595579156456,274.640067831598,273.495238865875,218.890354502624,230.747135352716,239.214847436396
2016-12-16,290.887571831842,267.558930113387,255.896275780311,257.483946424444,235.365991934226,246.480165671952,259.994144607051,247.463312918429,220.734506818399,248.556411037782,250.310673625851,260.926041160094,253.471497660314
2016-12-23,214.174939770563,260.325757371017,250.843090457171,252.94427223727,240.122465881268,245.700909992146,268.20735090036,248.483567984706,293.361799756246,244.873481102501,261.825132769021,269.897153367283,254.229993465796
2016-12-30,429.263974771649,266.891772240985,260.355718183797,258.81662772219,242.191057130817,246.231474452072,346.006698553129,250.191007136377,218.888272049752,233.960635212277,338.537577095423,347.679564110128,286.584531554883
2017-01-06,195.840316890462,248.422458668326,250.03200573575,238.901113510885,239.039111236152,245.905825708676,193.673609049235,235.002124768762,216.248408509992,258.506050149182,181.074750830327,188.746015913886,224.282649247636
2017-01-13,224.727516641924,263.659103660419,247.012527492243,236.991328389962,236.901920172652,245.436648697561,313.583153281917,231.528405990569,250.750739028581,283.043292972918,302.902086514273,312.194841639132,262.394297040179
2017-01-20,309.549445428709,254.527369537385,248.406961087306,236.547016248873,238.299875567443,246.93145056053,255.645833202599,243.087496270169,202.063003748592,267.181798140163,245.768548409452,255.734092846523,250.311907587312
2017-01-27,261.988209733806,252.147029089702,230.280440368256,232.204188095133,239.736679522032,246.620384857775,263.483187933473,269.816294976774,240.74025568627,262.635348862414,256.786714305995,246.463474584026,250.241850667971
2017-02-03,296.807490800562,234.850406418661,227.69369425689,224.947948199394,245.327965953233,247.441411026334,281.242145804114,261.160844645577,239.48174851309,208.488275232566,268.380272269091,271.68254933501,250.625396037877
2017-02-10,164.391304576733,233.501639093164,229.845005104434,234.012020018734,241.019610560813,247.63388702399,180.111853422585,251.709050816786,218.914503648036,206.038390202018,171.855488148141,177.517747277469,213.045874991075
2017-02-17,179.094447637451,241.102498792116,236.993912040049,251.012874661522,237.251076689817,248.700399447077,231.553399045455,241.58322175457,232.832419298049,201.723417474495,216.601723356919,215.540159663822,227.832462488445
2017-02-24,247.623574137918,240.103758851426,257.35388419919,252.085868295909,247.268034841919,249.385420119541,187.417898884622,236.034401309749,222.459709495143,227.435091668283,178.476092969106,178.505966336335,227.012475092428
2017-03-03,219.464502902487,249.149310692178,255.42720972325,251.788456430096,255.290276086247,249.679226963105,225.057743890885,241.454028267174,228.522130736076,210.125652281378,226.443109617967,209.058878142082,235.121710477744
2017-03-10,279.473592975229,251.991218249328,258.327505409995,259.570774743152,261.681962728426,250.709053798349,227.871202035676,256.26820820174,236.936369273115,219.051704054772,223.800634796817,223.167975208313,245.737516789576
2017-03-17,284.614161611144,274.317432666923,272.439539086041,266.543333522376,268.959822431961,252.081204274868,278.566353746339,263.452862959552,249.950378348859,218.916828305717,275.72056307292,262.161832841234,263.977026072328
2017-03-24,117.478529983255,256.588924703902,257.036521196438,272.178604098939,273.683817855162,252.132207064376,177.708073343214,256.398133378666,284.944031453342,242.440268564304,175.085096049357,185.187933657526,229.23851177904
2017-03-31,197.64114955977,252.722273176927,277.398460804,275.021340778876,278.507096195554,251.670277732284,215.669203524768,251.125699111229,276.765945924154,238.967704913731,217.226563504572,212.267361246719,245.415256372715
2017-04-07,253.138934210638,253.707113115714,273.836570184389,288.223178756928,287.139832778132,251.857882482889,329.234373163159,256.106303001439,232.769629427711,261.423372597853,323.633968220871,320.337626437614,277.617398698111
2017-04-14,150.39104157929,272.045524323489,268.696820621642,288.348724054825,288.517534885223,251.767956554956,190.674874858512,255.98750916685,258.977541063968,269.016415557157,192.875068709709,198.832783720707,240.510982924694
2017-04-21,325.072571552192,282.54506732998,281.312654043486,279.004057094266,282.92723383604,250.468014610838,338.44184811167,244.984371060039,243.488802567089,247.353086619506,345.937516661405,338.07497659986,288.300850007198
2017-04-28,255.740926755745,266.378411082324,270.077458555771,264.115784855279,271.062342845637,248.958826525878,186.337463684639,249.85791414522,209.786888608634,259.314043952735,207.064365676675,207.446511061688,241.345078145852
2017-05-05,272.00266146016,290.893695514831,275.640339085016,271.944707543037,269.357281270218,249.414509981911,302.807320773072,253.375284285261,245.760621937492,236.90636960334,270.016830238959,285.832125999267,268.662645641047
2017-05-12,213.716091059681,279.894681431759,281.939672117727,277.984465481556,273.054848500323,250.103459053265,279.762964403214,260.654879136482,274.431222268233,288.054380802508,286.380932302356,281.006527867842,270.582010368746
2017-05-19,259.635496696483,285.369859774322,285.338267362999,278.14055374196,264.780497997889,250.207864058539,268.704016482386,240.962436627398,169.128545171268,277.209266966573,277.186601085756,269.625632975679,260.524086578438
2017-05-26,232.905831030019,248.63507527773,267.347486171325,272.775304459192,258.571945424328,248.568531256118,307.832501097685,254.191316243562,297.815330816191,283.532105049158,322.933068425303,315.183603641853,275.857674907705
2017-06-02,167.266335499883,275.901853141748,267.312294772164,260.519162184061,255.471174670194,247.773984072821,196.107858266807,262.800547096855,260.310484196698,274.537264591623,219.53331011576,215.047286899695,241.881796292359
2017-06-09,243.296048854957,265.170308037136,241.88594627954,239.364372762077,251.238289849524,245.659733229548,273.118659284084,228.780394009691,252.182581748578,274.637877839185,294.780365288998,284.973537772447,257.924009579647
2017-06-16,170.797799061319,253.462453985835,252.936342418883,248.912092799764,247.332662478467,245.271565259969,162.357869904975,247.061819142868,254.623768041906,247.285956752877,185.016535172439,174.259305389483,224.109847534065
2017-06-23,361.168078282183,261.11600767439,267.057822770756,258.975042125997,252.461428860808,246.370567771134,428.886772044728,260.157810345403,240.038593838147,206.574795684288,411.167219090847,403.318844212485,299.774415225097
2017-06-30,156.881794913552,315.975751654493,290.587932318354,282.195020231953,258.672903636847,249.517591144079,259.977407931985,235.172489017508,248.521402269649,295.825814386763,275.464833450318,259.322651887229,260.676299403561
2017-07-07,193.539604648057,326.184742056758,286.976643003204,271.390826329649,261.428062782984,248.731774771423,192.766779859523,253.134306107412,239.940209537919,238.872193566412,224.962188462529,220.614472975248,246.54515034176
2017-07-14,462.624404593352,306.246753756074,291.410252963356,276.515008201109,268.199684790309,248.182681484233,343.816313669998,252.689710664814,352.490079944817,232.996463845021,372.604939604253,351.83109270615,313.300615518624
2017-07-21,290.448197679339,287.27285484457,261.291394692572,257.837272199793,271.068668376621,247.830950383223,264.444736608632,230.122991986716,281.909879126771,225.820929106849,304.2868422556,288.203613898451,267.544860929928
2017-07-28,224.65304856529,274.61637097613,272.296076568859,264.803765540866,271.552910238038,249.351254565748,174.603030305906,251.229595502512,269.135064679549,245.613990820635,203.565816023396,182.384763642791,240.317140619143
2017-08-04,193.62373961102,232.479267378115,292.513209481958,279.638037823688,273.617284092437,250.309627345428,214.496025145409,227.327495545677,252.916177980201,190.830107353211,216.756191761268,203.588388807346,235.67462936048
2017-08-11,288.603068742876,221.321415485852,257.31769577026,294.690268298242,271.921319895974,250.644306217419,283.761490115652,245.840090266251,267.938750547092,209.197227701363,306.971480469137,287.286325626997,265.45778659476
2017-08-18,191.690875428226,227.911329613467,261.765030028688,283.618720521611,274.489065279958,252.286375665992,195.052054976595,260.934118110359,229.030267469945,209.280527108704,217.912645000651,222.7477429901,235.559896016191
2017-08-25,291.996951127242,280.816536242852,251.691139556504,268.170248138568,278.460092875372,252.311099871716,218.346708748594,247.506454826364,250.308261520853,228.77804296589,236.385080694394,248.429176830974,254.43331611661
2017-09-01,204.166211919417,255.933297732995,237.471680654049,252.952903786458,277.56415354163,252.057093600113,230.35711617687,211.211263489726,267.562318170102,249.20795225197,253.622891507974,232.916296512006,243.751931611943
2017-09-08,336.249175255904,271.939822934648,278.139698307042,261.820692641127,281.062113064789,254.033605200952,317.235414487538,237.856946638741,252.292213181982,232.114874991224,334.814201010078,314.392097749171,280.995904621933
2017-09-15,124.363714542392,259.508492899697,274.241564763431,253.879584774516,278.993763338474,254.015910513358,185.719864349064,266.030116169385,265.567493961963,242.454852312312,207.261031295879,189.357573812318,233.449496894399
2017-09-22,176.023671044802,293.721406288564,280.913914655166,292.973168623958,273.548755626547,255.037470470373,254.213202015685,258.819299511826,258.470615512536,229.757756030801,269.577661668462,256.152813089921,258.26747787822
2017-09-29,225.277797459201,284.184572404116,301.79624153916,294.796910433627,271.941270150737,254.977532927842,277.119747085168,235.342241806626,267.425336644909,253.852696437679,294.276543846501,314.341684822541,272.944381296509
2017-10-06,288.086172724809,321.287650678252,291.729730836572,285.025094024397,268.130822818183,254.881230580922,259.638602306076,249.438319675139,284.500089134611,269.524557714667,299.204701160345,281.805479014892,279.437704222405
2017-10-13,274.928780891341,312.26606841749,289.443734028447,276.767653453546,273.896389907781,254.223305768112,325.119216598272,278.347767488303,177.085069266942,272.258233288326,340.778468359632,329.865435642704,283.748343592575
2017-10-20,337.623445111093,311.984125850508,287.414428977361,274.689222993141,273.459276439069,253.838901194359,261.079726860283,236.238029900332,248.532324938441,279.522533982302,327.135473719606,291.510903464602,281.919032785925
2017-10-27,272.130912496633,246.959394532825,264.851679228291,251.631954075502,260.693173338738,252.000536618583,235.001925539169,248.274251381535,308.055308438988,242.172027379719,277.581245934315,255.342160549284,259.557880792799
2017-11-03,251.720196446247,232.747588641077,255.134592124204,257.61311269306,259.646388269275,252.651527262552,266.322535842889,245.492935413955,239.363304434071,214.422688782466,296.261332399434,294.921533668681,255.524811331493
2017-11-10,198.70845042683,227.959459505316,246.877846717794,269.612486909533,267.767775299889,278.010555738764,236.72050363974,253.362977666007,270.327124853174,239.506745519647,249.752951676675,230.658535415145,247.438784447376
2017-11-17,300.257135297617,216.861561613394,235.356876025304,271.126209892762,273.269121281586,254.406515627237,295.568921930107,253.364591937262,232.696617179283,255.620041485573,319.730053481256,302.221999903377,267.53997047123
2017-11-24,106.875125163098,235.812241013756,242.312254057297,254.727573488028,275.177709421747,255.753862461285,113.480509045551,256.160633967564,209.552551382264,222.999361372266,143.150122969816,137.917478914644,204.493285271443
2017-12-01,185.075794055205,282.743917338578,261.869975158913,269.075763402499,279.883526875555,256.160157808322,300.21001256739,259.766026133223,275.907606768373,257.007166912974,283.837404394173,274.978168754419,265.542960014135
2017-12-08,252.276392205087,326.724184735333,295.29732500417,280.190382537386,290.941122427487,283.309433738015,235.660634273254,234.697776612252,262.626604072753,219.284281181851,253.815805557093,246.433958201359,265.104825045503
2017-12-15,222.278757942933,323.701883723747,311.834274362147,294.009704457238,294.867045484564,284.321859789243,288.050838821803,255.635717082841,280.086518285248,248.604903077807,307.897869306542,300.436869691389,284.310520168792
2017-12-22,287.205897098621,344.816215558303,347.602152206711,313.640423306458,294.916187296293,260.368305578964,282.199509705527,241.556783427891,269.431681649713,287.817373409998,302.404165607543,307.932140787399,294.990902969452
2017-12-29,297.635057216251,347.22051674125,341.720036855934,327.92091312524,297.250188447334,259.463877706667,377.335824501843,277.40264284742,276.53372725026,278.16316894024,412.367948351004,408.206641978478,325.101711996827
2018-01-05,217.820472467562,342.644139384959,338.559120894091,333.30017842771,295.589060968913,260.156128702588,191.769947107358,271.770307918674,285.67563204612,293.093494604103,250.323820041833,231.367325699176,276.005802355257
2018-01-12,342.09040581088,327.293325135052,332.525784320696,324.193338113425,301.326204981008,295.947787829173,332.40695019622,274.639574950817,244.723116694339,310.819915095161,328.908435973376,331.295049844937,312.180824078757
2018-01-19,372.803773569911,305.607694393066,315.832368014704,322.100443834347,310.597447337504,290.060652504252,359.030350399258,258.784469991587,175.997489694492,304.875693109236,392.655210621827,390.72097870715,316.588881014778
2018-01-26,292.402921105101,278.070917173658,286.076292045921,311.915179902844,307.858894249934,259.273757799232,260.575414046884,300.310335400584,298.32274491668,283.587786821359,315.623609239053,309.250473768844,291.939027205841
2018-02-02,248.814745509099,278.280078022137,289.670700915533,287.522568178371,297.963181001299,273.428127328809,300.201123281383,287.267501797564,244.562596470023,256.035178727964,306.816575488779,315.642817935965,282.18376622141
2018-02-09,358.721471731531,256.567787468627,264.017871807688,276.065590734986,287.50511590975,287.593898599578,251.676403482389,265.521141447502,199.589488810164,248.178440293526,297.85502402474,294.259878840452,273.962676095911
2018-02-16,264.924343159551,213.929589487269,238.953712753051,250.315859493853,279.237774998069,283.944306747047,216.490720941882,281.630264817619,294.176077542645,233.422042888753,257.3361064131,237.923128337842,254.356993965057
2018-02-23,287.904052270869,249.462892848089,239.955037417597,234.942765639909,272.080653447673,280.944767411972,280.513230150763,264.483711945313,226.139438585297,255.223847516594,305.361183989642,301.199379484832,266.517580059046
2018-03-02,220.840556322335,243.843395755029,228.740663027056,242.650783359895,260.544100078708,290.457984531984,222.407998262265,264.293596440741,301.899630731234,233.231639387668,249.858203655932,226.961156928782,248.810809040136
2018-03-09,318.709653355091,213.515520490708,213.654055494057,235.37862544538,246.394253566974,259.217007033566,289.588470847912,260.149570625958,279.340324554252,222.463277357262,322.289475525526,304.394789674861,263.757918664296
2018-03-16,195.871216802951,212.15337505746,226.020038573563,219.691056615652,234.715787889949,259.312603056976,230.292192052312,281.93743082605,285.989503994935,223.766348604161,262.331840153215,245.067291879829,239.762390458921
2018-03-23,192.697753910442,233.256622842203,224.446749206585,217.758104134167,231.307056642576,259.484660226617,156.531156322776,316.347921268793,314.849051557801,225.625255427038,180.54226365351,161.396990549687,226.186965478516
2018-03-30,269.934786626077,214.520980929493,216.261555709044,231.559734455766,232.335449229619,258.241885258415,238.605528515375,248.5734544984,302.85765113653,212.892836056939,261.415674267027,240.861357966747,244.005074554119
2018-04-06,240.862305356622,207.928831309537,234.212463265508,226.957744646528,227.671877708594,258.673594684203,240.146029444561,250.262758892078,283.72619982975,241.773397736399,267.626440431532,251.899065437439,244.311725728563
2018-04-13,253.519867909057,241.455165725492,229.492970718912,225.725623632501,221.277747318139,258.710959957056,196.262365485664,249.9591798829,282.515182929408,241.695434719793,218.825543756833,206.305021871389,235.478755325595
2018-04-20,99.4430026834384,239.756134616356,235.812692952365,233.525854955002,220.95002250752,258.252939025301,214.371730641825,242.78534909143,410.268888887198,238.224143571243,232.08314337359,216.35007075132,236.818664421382
2018-04-27,400.150780020843,259.369858333698,248.039782968321,236.282345177921,226.45543791636,259.311787336378,324.306072294298,241.289445491183,155.055073246492,248.77234888906,344.812094353641,332.390119613674,273.019595470156
2018-05-04,234.806488446872,236.967012650872,238.138223614648,227.87063659649,236.109100148084,258.948584761915,256.105762355352,236.34462918786,273.813996776868,237.090274605374,276.367782974368,259.360276165197,247.660230690325
2018-05-11,306.556227070154,257.745223250863,224.412785175799,233.156936642233,251.430552430081,259.618293538652,262.971985633883,251.291063232683,259.959439575879,244.454715174349,281.03284287996,265.842368688977,258.206036107793
2018-05-18,179.137818055853,220.593373671953,230.816822457696,235.672424125587,256.743451189202,258.28320226864,212.147732904551,246.202371108012,274.290914301106,231.404954746258,234.683320604849,223.239699697763,233.601340427623
2018-05-25,197.961583023682,214.464149512527,234.730460792616,259.939419623531,251.839513754036,257.589635517471,200.874442188897,246.307038314057,258.719902118166,223.460108107063,225.602354763796,218.26615202441,232.479563311688
2018-06-01,170.420695405297,223.023428923063,252.57934650368,258.952919990433,254.135463912414,257.03572374552,165.907439832792,241.417788592775,266.710093562231,287.656538131603,183.953188222981,173.526501711662,227.943260711204
2018-06-08,226.896296611496,276.598623883526,282.276209668039,276.162232717684,262.329373865395,258.157765258576,250.904394064416,246.875774741444,274.980162307579,292.880917934087,261.194161135018,242.722646712194,262.664879908288
2018-06-15,436.064898765508,276.154574774394,280.415906467722,266.819612008396,265.688707479442,258.537663767022,300.476576363445,248.250253714078,189.849144361832,293.163731905946,321.189562162759,309.904048850484,287.209556718419
2018-06-22,491.82246004461,306.057934647037,273.033154639308,271.097430777262,260.926543196806,258.597067396915,430.48016054626,245.537469111879,19.0011368727541,298.395905571271,446.270960569162,433.306630123757,311.210571124752
2018-06-29,321.176230659178,293.856777990367,266.318231268297,262.298753547363,256.842491152517,259.913121648981,226.301529354726,259.282610210624,224.339530883597,311.711082410849,241.48165447676,241.074322886971,263.716361374186
2018-07-06,270.822853461315,258.502183785119,274.070851577983,257.950587421742,255.84342092928,258.596121650682,235.826365349992,246.809738104309,281.078185542783,269.904825813697,231.806223281553,233.259620407581,256.20591477717
2018-07-13,151.859677583739,233.537118488857,262.001876248968,264.221545908937,258.320092244791,260.098246962852,314.075134743534,263.549465044085,284.294789867503,296.424934570849,305.051414859454,306.22734582693,266.638470195875
2018-07-20,326.296672029639,236.55586563231,259.422096576397,272.261265122301,256.867604407086,260.189670849151,286.759257821032,259.747817771143,222.723945379522,290.362306712278,293.298861943959,305.683926252127,272.514107541412
2018-07-27,352.017178848992,215.850770481927,214.129540837932,229.755215307353,247.000801691676,257.250438824941,275.87313010922,238.111418860125,213.108287535111,254.526848830371,282.339021442698,288.956130113112,255.743231906955
2018-08-03,161.022205763989,241.976727389147,210.332667787564,221.573695439595,237.016866332193,257.233779352371,177.153890662121,252.561471667418,272.556375238235,238.919848256562,174.736550003088,178.552374420978,218.636371026105
2018-08-10,346.05202163156,242.371962966379,233.271104348754,215.158344229399,238.533987104394,257.695015354338,323.652891399107,245.558287919578,229.753771688382,241.069445388623,313.578545067534,318.42816007899,267.093628098086
2018-08-17,276.983467488573,239.20137694841,233.323152097239,232.209249678399,242.666804492763,258.398269528547,234.324577278888,252.704685622906,228.802048749857,249.175366075062,226.946117126363,234.684282553776,242.451616470065
2018-08-24,161.386456259012,220.424653696341,232.861318272458,229.397517530155,242.29325317678,257.569191765974,222.568916541533,243.921852126106,280.264267967397,239.526103155414,216.557617145214,225.732200867879,231.041945708689
2018-08-31,327.229999911043,224.469065061488,228.258683664463,231.890064003649,232.03927674298,255.773557475213,217.181328062882,246.795613095934,246.728854749256,220.716635006111,234.80226070937,239.089289474023,242.081218996368
2018-09-07,245.615254786426,208.312579674357,211.260196035269,235.383260096377,214.008367826403,255.36172171112,264.143056516888,249.11287838688,275.611810515497,256.676664215878,275.945897362421,238.912870471421,244.195379799911
2018-09-14,391.455308478252,217.521488480756,229.823829767302,225.167712773856,209.246151689408,255.807534311525,226.522112831674,246.699323733808,249.694836575999,261.228685708983,236.650588019765,205.521457184928,246.278252463021
2018-09-21,246.866836123743,186.468428987442,212.724176075287,193.182244039205,214.152304002406,254.118236103684,184.561423845015,231.087918358641,234.823839284125,243.59698050653,182.648739570416,156.640795629206,211.739326877142
2018-09-28,289.518672637605,200.808855097095,194.128211762562,214.728873584344,217.344657200083,235.035047334833,228.219338404644,242.6059491355,252.121589044192,251.629400787905,227.004781118825,222.738334168229,231.323642522985
2018-10-05,256.141920927385,199.725516476033,204.387734964053,221.343742138701,221.257130016736,256.159644223807,260.106557615054,261.26178673555,251.533158112688,252.571314952026,241.719513791928,242.109819755231,239.026486642433
2018-10-12,190.722675024978,235.520447095962,232.452804833494,225.007559310835,227.96038373201,258.101860609658,252.42223307037,269.964895125605,270.789063701371,272.545465883093,207.186304509458,214.300396631939,238.081174127398
2018-10-19,122.510038163138,248.153356973388,236.711602721555,224.065207589215,236.820898707273,257.582470951575,218.796085680037,261.70199772271,252.83004722383,266.446236011225,201.38440463468,210.148973167096,228.095943295477
2018-10-26,278.426574276833,294.357494720942,253.273885239419,241.967916327685,244.37621518324,257.942249398829,275.003349283395,258.532165725064,330.251847955495,270.274441002303,254.357503235918,272.541925583476,269.275463994383
2018-11-02,440.179199417411,301.171952129769,261.920433879592,257.125895435326,250.793713323783,258.146792146198,361.500608365722,249.302241427184,258.692380785437,275.343723716782,336.77564591237,347.426363618448,299.864912513168
2018-11-09,251.922477883613,288.900989208454,267.964395441121,251.145160453191,249.494740540206,257.434637302467,217.373265321709,249.254314051361,263.795451744631,266.170691658423,204.974375205707,223.474594566211,249.325424448091
2018-11-16,304.13258949236,282.076476057946,291.165945102534,263.582960325045,249.010927609922,258.169303648484,305.491007016863,250.427676621225,320.443772877661,274.712881876236,283.954963812448,300.469360591877,281.96982208605
2018-11-23,348.95461560708,257.180030461997,296.855695646165,284.273095974058,259.946537435691,258.455728876658,223.857008384656,248.535764666107,245.828810624175,280.181320231028,201.720978557364,224.786383466965,260.881330827662
2018-11-30,332.827539153548,225.333501815095,243.285414750536,278.088776787727,268.544724472229,257.170273943354,256.631660899145,248.595106305494,247.992315622099,271.510852551349,232.698833668733,254.720000377256,259.78325002888
2018-12-07,291.542132868968,213.191192083221,251.443791644169,273.989025526296,268.716268327701,258.698309134936,270.688221673106,269.795247315477,265.765783123421,274.048702070942,235.311786035325,251.637052963378,260.402292730578
2018-12-14,370.676689161661,231.858987097096,248.281220458208,263.722520879088,268.363038857176,259.517363665824,286.590438081732,255.147205389673,236.832290139124,282.549260378016,256.116746590219,271.686829259175,269.278549163083
2018-12-21,205.033131863593,232.082996874548,237.511105447026,260.311146437303,272.148472441252,260.742772281344,251.715302180852,307.317768928329,244.685490741456,295.666709988163,203.043202731466,224.579541630839,249.569803462181
2018-12-28,295.935629143553,243.407633792551,242.768988759716,249.169546380036,268.130832216049,260.029789788193,254.0954023061,254.796082426957,272.067698347703,284.483476292636,245.065545953141,249.831260694427,259.981823841755
2019-01-04,326.249903425847,235.651368024455,238.097978874105,229.331404302497,254.399918063117,259.615152141527,248.459660892779,253.407777476579,248.244238417947,278.763139548167,220.555796277623,228.106051269611,251.740199059521
2019-01-11,254.100580871837,244.58044115425,220.934399901522,228.118800978035,243.139595043795,259.078314607835,285.094596623155,253.662815456524,271.539267603738,265.274261870069,247.743121293923,253.855857649888,252.260171087881
2019-01-18,175.284368978575,251.245141262709,239.921766668471,229.139172705922,231.141225543425,259.68252690936,248.695262543086,253.271231475217,219.885732800631,260.947697411856,218.94313040483,242.607318951832,235.897047971326
2019-01-25,348.701763378066,226.050926786372,242.678402391013,228.803188189165,215.233599100878,258.247022193311,289.371814908838,252.222336779402,243.847440720153,244.091977544612,264.759298945898,274.340716191367,257.362373927423
2019-02-01,185.324532818025,231.054874257959,234.870857256207,222.134183092396,211.887222058151,257.699840795423,210.046179342304,259.905546958858,207.144944658087,246.227442971551,171.776722948903,190.576199748959,219.054045575569
2019-02-08,163.999914156975,244.358661137223,218.596671872934,220.115376144795,213.571325958761,256.899682163868,241.967889331455,263.77727725956,201.408745097929,216.222530658722,213.011912209947,222.201017644118,223.010916969691
2019-02-15,360.607546227927,239.625439218554,224.191859714454,225.391123771593,207.703853717922,256.42553877529,287.323853589686,256.739209766821,250.024774768462,250.107939613692,264.212832121724,277.76398311146,258.343162866465
2019-02-22,256.754203329006,219.570525835285,216.528068254344,213.640453147107,206.643578830332,255.715029370011,256.109118881238,256.317456743771,313.776919875555,224.084255136068,231.41951842849,238.907769164961,240.788908083014
2019-03-01,125.548019083252,226.229773072684,218.461704452494,197.085885065107,209.905308994826,255.557907382206,139.0037853692,254.458407047677,215.327699681624,187.758408386791,128.08848844267,128.623476788088,190.504071980551
2019-03-08,232.495215371832,227.44630302028,229.877852565012,220.47136370118,213.216510519961,255.907798490518,282.161829184948,245.785825310629,259.239905655343,227.720701770844,240.971657162368,259.239601777084,241.211213710833
2019-03-15,298.062661204342,219.712422230161,211.525287921607,230.072801578766,215.187247830795,256.144351902798,239.864023037768,254.086296030786,258.954190617524,229.686319464468,210.135537317505,229.589764558971,237.751741974624
2019-03-22,157.289967909117,200.932740135418,202.829057384342,211.711116207078,214.859346571986,254.389764788877,158.316018318298,244.736493593961,158.870779382079,212.561366695232,136.231501264629,154.889098685975,192.301437578083
2019-03-29,162.935397705754,210.930693973149,221.721874693826,219.238929340053,219.063031191728,255.003636950486,216.043109128431,253.325376796637,224.887545619282,218.862309224119,181.592370164295,199.7576998669,215.280164554555
2019-04-05,196.939482410318,226.605515371303,231.996177457416,231.52381468257,226.06036442937,254.917122174405,207.105294483229,269.978092050928,207.877751044987,243.146574867696,181.197849288129,200.21058693859,223.129885433245
2019-04-12,221.89731387413,228.405423980641,241.809512144674,229.07882788844,234.654078832119,255.330711683435,245.548771275898,267.633613570816,238.093492576737,250.797506080725,210.385776270262,226.799687524682,237.536226308546
2019-04-19,245.324889438947,257.272233057319,246.43523703098,223.169453286128,245.187819284588,255.968830932294,183.344133024716,272.498443800081,270.387096066645,241.343943498598,148.058071580292,164.241823567828,229.435997880701
2019-04-26,287.034957248209,274.44823732196,232.020047609722,245.002552668644,251.432079114839,256.730514747027,366.677846274654,265.317014548755,280.700214066762,275.385275744442,339.786237511165,339.134167260235,284.472428676368
2019-05-03,303.370239725791,253.438157586176,232.19475044644,268.279963350483,252.188531617134,257.471419546675,247.298675066017,251.888365184182,249.44496777121,215.707307399436,212.810494446399,253.965861729506,249.838227822454
2019-05-10,154.554817607788,229.330465562305,257.258640053199,252.968156219195,256.827963234628,256.563479451673,234.415584432324,255.774760062191,236.501694337404,225.726601683189,228.283567020254,221.271391053671,234.123093393152
2019-05-17,142.212471306984,224.314418667366,261.836805141136,259.996252740524,262.369665058171,256.07069432136,147.270469363781,252.574051947958,226.922976988287,219.806471343718,111.922000947051,160.536128994255,210.486033901716
2019-05-24,207.058813958283,230.0886599713,275.332730165065,276.376036247173,271.38159930987,256.087260487475,215.212333777073,255.061918006874,264.073244746507,219.167325426886,187.007137488244,198.321555417343,237.930717916841
2019-05-31,339.900336155894,270.875457324807,278.933941703237,278.327814402876,277.553026613678,257.017135938295,277.911979732492,230.452329613223,222.039454236513,230.19682539526,241.48596812914,258.93484259078,263.635759319683
2019-06-07,170.094475219108,301.684696520077,269.175124587042,281.222971020087,270.453284498036,257.47887966231,212.946247395041,247.517038174676,249.677701987282,297.984949058354,191.492821549901,198.829482361142,245.713139336088
2019-06-14,295.617785508114,335.975394079872,301.95244028328,291.086936945836,276.686553819661,259.509031071052,403.043360059807,250.216441441938,200.231821998753,319.693377307932,352.842736844898,397.340158820168,307.016336515109
2019-06-21,303.949567457101,330.77714841521,322.128554835982,296.34257740778,286.21361580144,254.226056086737,430.008882944854,268.472243734394,259.899912202011,330.347080943193,380.288602688723,418.91744941356,323.464307660916
2019-06-28,223.906744757023,308.19315417748,291.472633052034,289.318594368082,285.932738210365,259.16521855645,259.567753786405,266.162253940693,298.832516550045,316.943823737238,250.351514760553,292.969495094395,278.56803674923
2019-07-05,314.554546823333,274.669672219905,291.159698438808,276.198198194425,283.294803283445,256.571763755427,282.8215106845,258.786752191032,260.251516049958,259.680456289903,283.635986168524,295.512992528325,278.094824718965
2019-07-12,203.574672321312,271.637570738806,275.901195315316,282.494928490959,271.737127563759,256.547250507566,184.882817029385,260.746232107447,233.439927973745,266.445406705702,175.546518786456,176.172368402127,238.260501328548
2019-07-19,156.51479216038,258.985787573851,261.071972922311,275.057441444315,264.843019226591,255.920394590313,245.731606962796,259.95832416239,230.710842238795,258.949184753237,238.084317163698,247.605808457387,246.119457638005
2019-07-26,301.803257089966,262.833175707148,278.45447056301,262.267831124122,265.754961634742,256.177955139389,318.307272792194,257.506132928844,256.32446656673,262.23884464858,317.504519294043,327.982062957849,280.596245870551
2019-08-02,258.266222445115,263.76079785137,246.785282311157,264.138952598516,262.481192085181,257.129545479998,220.548755626896,261.194340773343,277.926685480841,213.673239853373,214.176987030257,221.660906759065,246.811909024593
2019-08-09,266.577025787631,249.882744697294,249.310849740363,264.955153628716,261.034447317094,256.298218414701,332.732370984411,262.20228280598,277.093605681507,218.76349532523,313.218697503864,320.742124611396,272.734251374849
2019-08-16,201.759702467381,236.937417999049,254.592370609716,248.011878212127,258.610057016726,256.150441282182,217.497817182014,258.973267926426,269.787996939825,213.948871492589,232.291173514621,231.136778919901,239.974814463546
2019-08-23,22.4056620844996,245.467424089632,245.077671976454,244.072192134154,258.447131100104,255.135372622548,86.2178453059666,258.487733909871,654.656512822338,206.791140420487,92.1928499090317,89.794109696995,221.562137172673
2019-08-30,228.606394752896,259.327244227579,259.617329949835,254.108872262374,274.676935582295,255.280052247296,295.160457006909,259.25293280972,263.207493814506,208.136474185064,292.185914691546,279.475129408655,260.752935911556
2019-09-06,249.686426850466,260.390399728014,267.370037142001,271.162254896376,282.843931222151,256.045890876723,249.741404905433,259.302047357022,336.787864244968,269.124966281637,241.378870740273,249.066770301403,266.075072045539
2019-09-13,159.932123231375,283.984717398195,271.708005816414,274.118959824695,281.712184171239,255.249419890202,275.661387206758,258.167158846144,261.75727606231,260.010806896738,314.774023577862,277.719855173531,264.566326507955
2019-09-20,204.687917356142,320.926760481024,284.456267598992,285.480860439158,283.247487067239,255.111401535662,212.534202339551,257.704934112709,265.486895533253,263.50826422259,224.29182174892,227.795880378924,257.102724401181
2019-09-27,307.132157159376,296.300700430056,295.715075529693,303.208831597029,287.915823584423,253.791106943738,299.619215966382,251.100867879277,278.300737115035,243.038682893726,325.331340783643,318.384780790712,288.319943389424
2019-10-04,432.338673332284,272.654583477259,303.578733565604,289.912034587729,294.162358852468,253.175939078063,334.299212369166,256.756653114767,294.833666109501,273.960294677111,362.861031689543,349.392785786314,309.827163886651
2019-10-11,233.193103878051,281.077132363509,289.99504059824,284.615322927925,289.61341703645,252.734158952797,200.723478259275,257.304995106468,266.46507768626,270.700939527988,230.706985166775,215.861028562006,256.082556672145
2019-10-18,309.382625810331,261.752348707153,279.784727170348,294.424281947385,285.67126249054,252.068500035197,209.959542982223,255.695140337923,189.228974003265,288.878821655626,239.241336505445,218.437881760003,257.043786950453
2019-10-25,368.966746003903,244.611824448284,276.812943644939,292.821777572821,286.269513449214,252.537472959822,334.925240995021,252.812546970085,244.54846185357,291.439017279929,320.343848658231,325.677311908478,290.980558812025
2019-11-01,192.786435191233,235.681244747221,247.845487005355,264.529402531143,282.306579499652,252.699430287706,277.524663140692,234.347301046758,278.313922329915,280.827821778908,296.022842587241,295.499518024651,261.532054014206
2019-11-08,328.5999084078,239.563908311775,252.49189401312,256.779988387966,277.90462774039,240.199200688934,263.751227362985,240.783066714612,247.70732198121,278.75508942755,285.108187219244,281.72502055554,266.114120067594
2019-11-15,247.924395618827,233.146524335328,231.242609967504,259.453163715364,269.958757065158,250.940630652812,283.815211628578,249.386296098005,251.854431584681,262.359696366873,249.551657300605,275.297107124339,255.410873454839
2019-11-22,146.886166385582,252.035337881869,240.324104909476,245.001857356771,253.865827672271,250.47967209295,237.057566862325,245.586815829084,251.765561301006,256.937980996741,240.935714421798,244.343989107589,238.768382901455
2019-11-29,266.0646080055,247.79909726742,247.712103088601,221.766186195879,241.807610473055,248.253265104537,243.184251787286,244.977544226449,267.90114896673,234.343723221718,276.20175797909,275.750726555481,251.313501905979
2019-12-06,270.081377125939,267.123531052364,241.656334768844,235.729125792208,235.169918467141,248.262770594056,278.96618301601,250.06194494186,169.134370032571,282.020486365622,286.773303948228,281.112335715499,253.840973485029
2019-12-13,383.45088830656,271.611311809462,238.459946989152,237.835522721701,230.442917789629,247.506682661157,378.324224813112,252.940236030682,175.037019099416,253.490222793256,385.360505213098,378.157841520164,286.051443312282
2019-12-20,181.422361619713,246.853046521118,254.462831074623,219.813999968809,218.973605728708,246.477436589776,173.648889175773,253.130730675652,182.207354499895,298.244890994342,175.012908339599,191.754171797533,220.166852248795
2019-12-27,207.214628047066,243.011041523637,240.477707641822,237.155887896014,213.398345081836,245.594044494275,252.910352209048,239.733700111838,251.148785847349,251.21542024478,258.062994525416,252.195776494855,241.009890343161
2020-01-03,246.637285722609,260.962788264851,254.105021291107,259.381310032114,226.355691243597,246.804923617236,296.28907674951,248.04933227881,173.872331240719,267.218470393248,268.811734602057,288.335789565131,253.068646250082
2020-01-10,279.66152037844,261.969664344435,250.548670608953,247.225062871354,233.107336021404,246.525324021727,265.613884197099,235.464645690082,164.542317118046,266.781361868944,255.886987059787,269.152666313641,248.039953374493
2020-01-17,186.14617160684,239.235587956651,249.874105597325,233.640896539825,231.969828370648,245.673563571967,176.808514409793,243.750600692272,262.826535293404,270.052146294513,192.777405617039,183.471307390456,226.352221945061
2020-01-24,320.966168783195,274.922134320561,250.074065282377,248.233039127424,237.099502330708,245.64769427538,343.327289452369,245.155322428313,288.932844256632,255.35166416651,352.574810028845,339.020303922478,283.442069864566
2020-01-31,203.476501278897,267.355543906954,246.980699494137,255.48780316138,236.898270574652,246.268854552639,184.478712121938,242.581691842634,187.799219477163,246.653431117352,203.807959594005,196.648632484288,226.536443300503
2020-02-07,203.200380792279,255.430037559048,275.479157907358,253.069860878244,238.555176882291,246.385155289677,202.090306631233,253.554139380664,262.411731867372,239.557751159592,205.919858664247,189.451460317413,235.425418110785
2020-02-14,277.775512447253,264.804788106215,277.157296278692,247.275462406196,248.96392522542,247.065524726901,332.687255846353,260.435473957931,256.43926685552,218.859680063966,340.322271785098,324.258807992352,274.670438807658
2020-02-21,249.666166018902,281.362332503615,246.831608050921,262.6838115564,250.717625467663,247.577501651744,237.238680087709,245.525222363574,319.314303458923,253.154402200398,264.96131934641,256.237719735447,259.605891036809
2020-02-28,330.542491188094,246.437264203015,239.718601034778,245.737041629698,248.310562229733,246.455897313766,226.638508892451,248.209296794143,279.794582721156,238.866586058982,262.528788503808,233.892521991402,253.927678546752
